,Unnamed: 0,id,date,from_id,to_id,fwd_from,message
0,0,94709,2020-08-10 14:18:40+00:00,138918380,511986933,,Наступного місяця бо зараз там якісь зміни в управлінні і не проводять іспити 
1,1,94708,2020-08-10 14:18:14+00:00,138918380,511986933,,Добре ти правий так і зробимо
2,2,94707,2020-08-10 14:17:57+00:00,138918380,511986933,,Привіт 
3,3,94706,2020-08-10 14:17:35+00:00,511986933,138918380,,Коли у тебе до речі по водінню іспит 
4,4,94705,2020-08-10 14:17:17+00:00,511986933,138918380,,Ти п яте ще не робив 
5,5,94704,2020-08-10 14:17:07+00:00,511986933,138918380,,Щоб пошвидше
6,6,94703,2020-08-10 14:16:57+00:00,511986933,138918380,,Просто потрібно спочатку скинути йому щоб він переглянув а потім уже будемо додаткові робити
7,7,94702,2020-08-10 14:16:13+00:00,511986933,138918380,,Привіт Діма ти може бенчмарк поки можеш не добавляти або у окрему гілку якусь
8,8,94581,2020-08-09 17:50:50+00:00,511986933,138918380,,написати
9,9,94580,2020-08-09 17:50:45+00:00,511986933,138918380,,
10,10,94579,2020-08-09 17:49:34+00:00,138918380,511986933,,активно займатися лаба
11,11,94578,2020-08-09 17:49:16+00:00,511986933,138918380,,річ частково зробити твій функція масив
12,12,94577,2020-08-09 17:48:54+00:00,511986933,138918380,,гіт закидати ятий завдання
13,13,94559,2020-08-09 12:30:33+00:00,138918380,511986933,,зробити
14,14,94558,2020-08-09 12:30:20+00:00,138918380,511986933,,привіт
15,15,94537,2020-08-09 08:19:54+00:00,511986933,138918380,,функція зчитування
16,16,94536,2020-08-09 08:19:23+00:00,511986933,138918380,,частково
17,17,94535,2020-08-09 08:19:11+00:00,511986933,138918380,,привіт діма завдання зробити
18,18,94522,2020-08-08 20:10:04+00:00,511986933,138918380,,
19,19,94518,2020-08-08 19:49:43+00:00,138918380,511986933,,
20,20,94517,2020-08-08 19:49:31+00:00,138918380,511986933,,треба робити
21,21,94516,2020-08-08 19:49:23+00:00,138918380,511986933,,сподіватися понеділок мати готово
22,22,94515,2020-08-08 19:49:09+00:00,138918380,511986933,,завтра допрацьовувати
23,23,94514,2020-08-08 19:49:01+00:00,138918380,511986933,,пушнути
24,24,94502,2020-08-08 17:35:37+00:00,138918380,511986933,,окий
25,25,94501,2020-08-08 17:34:25+00:00,511986933,138918380,,
26,26,94500,2020-08-08 17:34:11+00:00,511986933,138918380,,
27,27,94475,2020-08-08 16:38:21+00:00,138918380,511986933,,окойа
28,28,94474,2020-08-08 16:38:15+00:00,138918380,511986933,,спокійно дивитися тепер дуже добре розбиратися працювати
29,29,94473,2020-08-08 16:38:00+00:00,511986933,138918380,,дати безкоштовно
30,30,94472,2020-08-08 16:37:42+00:00,138918380,511986933,,радий пропасти страх код аха
31,31,94471,2020-08-08 16:37:42+00:00,511986933,138918380,,форма заповнити тип студент
32,32,94470,2020-08-08 16:37:25+00:00,138918380,511986933,,страшно
33,33,94469,2020-08-08 16:37:19+00:00,511986933,138918380,,написати
34,34,94468,2020-08-08 16:37:13+00:00,511986933,138918380,"MessageFwdHeader(date=datetime.datetime(2020, 8, 7, 18, 0, 16, tzinfo=datetime.timezone.utc), from_id=470409323, from_name=None, channel_id=None, channel_post=None, post_author=None, saved_from_peer=None, saved_from_msg_id=None, psa_type=None)",viva64 com
35,35,94467,2020-08-08 16:36:51+00:00,511986933,138918380,,більший кількість помилка вказувати
36,36,94466,2020-08-08 16:36:40+00:00,511986933,138918380,,скачати pvc
37,37,94465,2020-08-08 16:36:28+00:00,511986933,138918380,,
38,38,94464,2020-08-08 16:36:19+00:00,511986933,138918380,,валгрінор пройтися
39,39,94463,2020-08-08 16:36:08+00:00,511986933,138918380,,зробити
40,40,94459,2020-08-08 16:32:48+00:00,138918380,511986933,,справа перший лаба
41,41,94455,2020-08-08 16:31:22+00:00,511986933,138918380,,треба зробити
42,42,94454,2020-08-08 16:31:17+00:00,511986933,138918380,,тобто код інший модуль
43,43,94453,2020-08-08 16:31:07+00:00,511986933,138918380,,запуститися змогти використати порівняння взагалі використати функція порівнювати
44,44,94452,2020-08-08 16:30:29+00:00,511986933,138918380,,початок
45,45,94451,2020-08-08 16:30:24+00:00,511986933,138918380,,
46,46,94449,2020-08-08 16:18:54+00:00,138918380,511986933,,другий додатковий зроблений повністю
47,47,94448,2020-08-08 16:18:44+00:00,138918380,511986933,,дякувати
48,48,94446,2020-08-08 16:09:29+00:00,511986933,138918380,,
49,49,94445,2020-08-08 16:09:14+00:00,511986933,138918380,,
50,50,94444,2020-08-08 16:06:21+00:00,511986933,138918380,,порівняння використати
51,51,94443,2020-08-08 16:06:13+00:00,511986933,138918380,,github com
52,52,94442,2020-08-08 16:05:34+00:00,511986933,138918380,,дуже хороший приклад
53,53,94441,2020-08-08 16:05:25+00:00,511986933,138918380,,github com
54,54,94440,2020-08-08 16:04:21+00:00,511986933,138918380,,youtube com
55,55,94439,2020-08-08 16:02:23+00:00,511986933,138918380,,одразу запрацювати
56,56,94438,2020-08-08 16:02:14+00:00,511986933,138918380,,легше тест
57,57,94437,2020-08-08 16:02:03+00:00,511986933,138918380,,складно
58,58,94436,2020-08-08 16:01:55+00:00,511986933,138918380,,
59,59,94435,2020-08-08 16:01:30+00:00,511986933,138918380,,
60,60,94434,2020-08-08 16:00:30+00:00,138918380,511986933,,мати другий додатковий
61,61,94433,2020-08-08 16:00:19+00:00,511986933,138918380,,
62,62,94432,2020-08-08 16:00:12+00:00,138918380,511986933,,ввід виводо обоє
63,63,94431,2020-08-08 16:00:03+00:00,138918380,511986933,,
64,64,94430,2020-08-08 15:59:39+00:00,511986933,138918380,,яти завдання функція увод вивід
65,65,94429,2020-08-08 15:59:08+00:00,138918380,511986933,,окойа нулі напишува порівняти твій код
66,66,94428,2020-08-08 15:58:47+00:00,511986933,138918380,,практик
67,67,94427,2020-08-08 15:58:42+00:00,511986933,138918380,,домовитися обоє писати
68,68,94426,2020-08-08 15:58:34+00:00,511986933,138918380,,пити
69,69,94425,2020-08-08 15:58:02+00:00,138918380,511986933,,мушити компенсувати свій код
70,70,94424,2020-08-08 15:57:55+00:00,138918380,511986933,,дуже написати
71,71,94423,2020-08-08 15:57:33+00:00,138918380,511986933,,може написати
72,72,94422,2020-08-08 15:57:07+00:00,138918380,511986933,,
73,73,94421,2020-08-08 15:56:41+00:00,511986933,138918380,,один дописати
74,74,94420,2020-08-08 15:56:32+00:00,511986933,138918380,,писати
75,75,94419,2020-08-08 15:56:29+00:00,511986933,138918380,,увід виводо
76,76,94418,2020-08-08 15:56:17+00:00,138918380,511986933,,
77,77,94417,2020-08-08 15:56:14+00:00,138918380,511986933,,ооо
78,78,94416,2020-08-08 15:56:10+00:00,511986933,138918380,,ввн говорити
79,79,94415,2020-08-08 15:56:06+00:00,511986933,138918380,,показувати працездатність наш функція
80,80,94414,2020-08-08 15:55:56+00:00,511986933,138918380,,тест прог тип
81,81,94413,2020-08-08 15:55:30+00:00,138918380,511986933,,думати мати окремо тест
82,82,94412,2020-08-08 15:55:16+00:00,138918380,511986933,,залишатися функція ввід виводо оцей скріний решта написано треба написати прога показати використання функція
83,83,94411,2020-08-08 15:54:22+00:00,138918380,511986933,,дописати читання файл
84,84,94410,2020-08-08 15:54:13+00:00,138918380,511986933,,щось мати
85,85,94409,2020-08-08 15:54:08+00:00,138918380,511986933,,
86,86,94408,2020-08-08 15:53:35+00:00,138918380,511986933,,написати
87,87,94407,2020-08-08 15:53:29+00:00,511986933,138918380,,
88,88,94406,2020-08-08 15:53:22+00:00,138918380,511986933,,
89,89,94405,2020-08-08 15:52:48+00:00,138918380,511986933,,двоє мати додатковий
90,90,94404,2020-08-08 15:52:40+00:00,138918380,511986933,,організувати тест зараз дописувати бенчмарк
91,91,94403,2020-08-08 15:52:21+00:00,511986933,138918380,,запитати
92,92,94402,2020-08-08 15:52:16+00:00,511986933,138918380,,думати додатковий біль індивідуально
93,93,94401,2020-08-08 15:51:53+00:00,138918380,511986933,,додатковий зараховуватися обом
94,94,94400,2020-08-08 15:51:43+00:00,511986933,138918380,,загалом почати робити
95,95,94399,2020-08-08 15:51:32+00:00,511986933,138918380,,розібратися могти удвох
96,96,94398,2020-08-08 15:51:26+00:00,511986933,138918380,,кожний окремо робити
97,97,94397,2020-08-08 15:49:18+00:00,138918380,511986933,,може написати додатковий завдання бати провестти дослідження продуктивність ваш бібліотека порівняннй стандартний стрічка замір допускатися використання google benchmark
98,98,94396,2020-08-08 15:48:22+00:00,138918380,511986933,,пробувати
99,99,94395,2020-08-08 15:48:18+00:00,138918380,511986933,,міняти айпа адреса
100,100,94394,2020-08-08 15:48:13+00:00,138918380,511986933,,якщо постаратися
101,101,94393,2020-08-08 15:48:07+00:00,138918380,511986933,,дуже блокувати сильно
102,102,94392,2020-08-08 15:47:17+00:00,138918380,511986933,,оце написати правда
103,103,94391,2020-08-08 15:47:11+00:00,138918380,511986933,,
104,104,94390,2020-08-08 15:45:22+00:00,511986933,138918380,,взагалі парсити
105,105,94389,2020-08-08 15:45:05+00:00,511986933,138918380,,думати довго фейсбук парсити
106,106,94388,2020-08-08 15:44:54+00:00,138918380,511986933,,твіттер успішно вийти
107,107,94387,2020-08-08 15:44:40+00:00,511986933,138918380,,твітер парсити фейсбук
108,108,94386,2020-08-08 15:44:17+00:00,511986933,138918380,,
109,109,94385,2020-08-08 15:36:36+00:00,138918380,511986933,,завдання писати мати вписуватися розмір стрічка
110,110,94384,2020-08-08 15:36:26+00:00,138918380,511986933,,якщо стрічка cucu виділити символ буферя capacity якщо заховати записати символ позиція робити мати виходити послідовний стрічка замінювати порожній місце пробіти нелогічно
111,111,94383,2020-08-08 15:35:18+00:00,138918380,511986933,,змінювати код вставка символ
112,112,94382,2020-08-08 15:35:00+00:00,511986933,138918380,,окий
113,113,94381,2020-08-08 15:34:07+00:00,138918380,511986933,,написати
114,114,94380,2020-08-08 15:33:54+00:00,138918380,511986933,,цукерочка кода
115,115,94379,2020-08-08 15:33:50+00:00,138918380,511986933,,закин
116,116,94378,2020-08-08 15:33:48+00:00,138918380,511986933,,зачекай пара годинка
117,117,94377,2020-08-08 15:33:30+00:00,511986933,138918380,,запушити код юзати
118,118,94376,2020-08-08 15:33:16+00:00,511986933,138918380,,str get cstr переробляти
119,119,94368,2020-08-08 15:06:15+00:00,138918380,511986933,,якраз питати
120,120,94367,2020-08-08 15:06:01+00:00,138918380,511986933,,статичний типізація явний оголошення тип змінний використання
121,121,94363,2020-08-08 15:04:18+00:00,511986933,138918380,,що статичний типізація говорити
122,122,94362,2020-08-08 14:55:50+00:00,138918380,511986933,,
123,123,94361,2020-08-08 14:55:50+00:00,138918380,511986933,,
124,124,94360,2020-08-08 14:55:50+00:00,138918380,511986933,,переписко знати знати
125,125,94348,2020-08-08 14:02:36+00:00,138918380,511986933,,бачити різний перевіряти null pointer деколи пиши str null давати універсально використовувати всюди stackoverflow com отут хороший відповідь
126,126,94347,2020-08-08 13:58:37+00:00,138918380,511986933,,іншій функція index str capacity умова писати позиція межа стрічка треба порівнювати size capacity
127,127,94346,2020-08-08 13:57:14+00:00,138918380,511986933,,достатньо чекнути index str size
128,128,94345,2020-08-08 13:56:48+00:00,138918380,511986933,,враховувати index тип size додатній перевірка непотрібний
129,129,94344,2020-08-08 13:56:23+00:00,138918380,511986933,,порівнювати код index index str size
130,130,94343,2020-08-08 13:56:04+00:00,138918380,511986933,,зараз порівнювати код мати пара думка
131,131,94342,2020-08-08 13:55:54+00:00,138918380,511986933,,після написати
132,132,94341,2020-08-08 13:55:39+00:00,138918380,511986933,,денис помітити блок зробити доступ символ
133,133,94340,2020-08-08 13:55:21+00:00,138918380,511986933,,привіт
134,134,94287,2020-08-07 18:24:19+00:00,138918380,511986933,,linkedin com
135,135,94258,2020-08-07 14:30:29+00:00,138918380,511986933,,виникнути конфлікт умова завдання функція змінити тип дані який передаватися int char size str find const str str int predicat int size str find const str str int predicat char
136,136,94257,2020-08-07 14:30:29+00:00,138918380,511986933,,github com
137,137,94256,2020-08-07 14:30:29+00:00,138918380,511986933,,закинути весь функція пошук порівняння
138,138,94254,2020-08-07 13:55:32+00:00,138918380,511986933,,зверн пліза увага ворнінга
139,139,94253,2020-08-07 13:34:46+00:00,138918380,511986933,,
140,140,94252,2020-08-07 13:34:06+00:00,138918380,511986933,,оцей код генерувати ворнінг warning iso allow conversion string literal char wwritable strings char str len3 ucu
141,141,94251,2020-08-07 13:33:47+00:00,138918380,511986933,,char const str len9 lab work2
142,142,94250,2020-08-07 13:33:43+00:00,138918380,511986933,,char str len9 lab work2
143,143,94249,2020-08-07 13:33:34+00:00,138918380,511986933,,такий
144,144,94248,2020-08-07 13:33:30+00:00,138918380,511986933,,дещо міняти кодо
145,145,94239,2020-08-07 11:35:10+00:00,138918380,511986933,,окойа
146,146,94238,2020-08-07 11:35:05+00:00,138918380,511986933,,думати другий
147,147,94237,2020-08-07 11:35:02+00:00,138918380,511986933,,
148,148,94236,2020-08-07 11:33:38+00:00,511986933,138918380,,
149,149,94235,2020-08-07 11:33:23+00:00,511986933,138918380,,
150,150,94234,2020-08-07 11:16:11+00:00,138918380,511986933,,денис подумати могти здавати ліба проконсультуватися макс білик фаренюк казати дуже професійно зробити могти показати код спитати думати загалом структура наш проект кода
151,151,94225,2020-08-07 09:55:22+00:00,138918380,511986933,,
152,152,94220,2020-08-07 09:41:37+00:00,138918380,511986933,,
153,153,94219,2020-08-07 09:22:19+00:00,138918380,511986933,,
154,154,94218,2020-08-07 09:13:25+00:00,138918380,511986933,,
155,155,94214,2020-08-07 08:47:54+00:00,511986933,138918380,,зробити
156,156,94213,2020-08-07 08:47:45+00:00,511986933,138918380,,такий
157,157,94212,2020-08-07 08:35:23+00:00,138918380,511986933,,щось вийти виправити
158,158,94210,2020-08-07 08:19:13+00:00,138918380,511986933,,закоментувати оцей виділений фрагмент помилка лишитися
159,159,94209,2020-08-07 08:17:19+00:00,511986933,138918380,,попроба
160,160,94208,2020-08-07 08:17:17+00:00,511986933,138918380,,закоментувати
161,161,94207,2020-08-07 08:17:00+00:00,138918380,511986933,,
162,162,94206,2020-08-07 08:16:53+00:00,138918380,511986933,,
163,163,94205,2020-08-07 08:16:48+00:00,511986933,138918380,,спробуй пофіксити попередній помилка глян
164,164,94204,2020-08-07 08:16:24+00:00,511986933,138918380,,працювати
165,165,94203,2020-08-07 08:16:19+00:00,511986933,138918380,,може щось робити змінна задани
166,166,94202,2020-08-07 08:16:00+00:00,511986933,138918380,,немати кінець якийсь str free сірий виділити
167,167,94201,2020-08-07 08:14:36+00:00,138918380,511986933,,помилка тепер
168,168,94200,2020-08-07 08:14:31+00:00,138918380,511986933,,запрацювати
169,169,94199,2020-08-07 08:14:29+00:00,138918380,511986933,,
170,170,94198,2020-08-07 08:13:42+00:00,138918380,511986933,,бачити
171,171,94197,2020-08-07 08:13:40+00:00,138918380,511986933,,
172,172,94196,2020-08-07 08:13:22+00:00,138918380,511986933,,
173,173,94195,2020-08-07 08:12:51+00:00,511986933,138918380,,
174,174,94194,2020-08-07 08:12:49+00:00,511986933,138918380,,
175,175,94193,2020-08-07 08:12:47+00:00,511986933,138918380,,
176,176,94192,2020-08-07 08:12:41+00:00,511986933,138918380,,зараз гляна
177,177,94191,2020-08-07 08:08:56+00:00,511986933,138918380,,міняти
178,178,94190,2020-08-07 08:07:46+00:00,138918380,511986933,,build options
179,179,94189,2020-08-07 08:07:34+00:00,138918380,511986933,,відрізнятися toolchain
180,180,94188,2020-08-07 08:07:25+00:00,138918380,511986933,,
181,181,94187,2020-08-07 08:04:54+00:00,511986933,138918380,,зайдо сюди подитиися
182,182,94186,2020-08-07 08:04:42+00:00,511986933,138918380,,
183,183,94185,2020-08-07 08:02:03+00:00,138918380,511986933,,отаке запускати str functions
184,184,94184,2020-08-07 08:01:50+00:00,511986933,138918380,,змердини мастер
185,185,94183,2020-08-07 08:01:37+00:00,511986933,138918380,,пофіксити
186,186,94182,2020-08-07 08:01:30+00:00,511986933,138918380,,
187,187,94181,2020-08-07 07:59:14+00:00,138918380,511986933,,правда видавати отаки помилка
188,188,94180,2020-08-07 07:59:10+00:00,138918380,511986933,,
189,189,94179,2020-08-07 07:58:58+00:00,138918380,511986933,,файл main cpp запуститися
190,190,94178,2020-08-07 07:45:49+00:00,138918380,511986933,,зараз запускати відпиша
191,191,94177,2020-08-07 07:45:41+00:00,138918380,511986933,,встигнуии потестити
192,192,94176,2020-08-07 07:45:29+00:00,138918380,511986933,,вчора щось пізно дуже приїхати
193,193,94175,2020-08-07 07:45:22+00:00,138918380,511986933,,привіт
194,194,94174,2020-08-07 07:44:53+00:00,511986933,138918380,,
195,195,94165,2020-08-06 21:27:53+00:00,511986933,138918380,,вдатися запустити
196,196,94145,2020-08-06 12:31:59+00:00,511986933,138918380,,натисна перезапустити сімейк файла
197,197,94144,2020-08-06 12:31:47+00:00,511986933,138918380,,
198,198,94143,2020-08-06 12:30:36+00:00,511986933,138918380,,якщо помилка
199,199,94142,2020-08-06 12:30:33+00:00,511986933,138918380,,запусте
200,200,94141,2020-08-06 12:30:25+00:00,511986933,138918380,,зроба гілка добати googletest корінь
201,201,94140,2020-08-06 12:30:18+00:00,511986933,138918380,,бранч
202,202,94139,2020-08-06 12:30:14+00:00,511986933,138918380,,github com
203,203,94132,2020-08-06 12:21:19+00:00,511986933,138918380,,звільнитися
204,204,94131,2020-08-06 12:21:01+00:00,511986933,138918380,,передивитися працювати
205,205,94130,2020-08-06 12:20:52+00:00,511986933,138918380,,хотіти показати зробити
206,206,94128,2020-08-06 12:15:34+00:00,511986933,138918380,,запитати
207,207,94127,2020-08-06 12:15:30+00:00,511986933,138918380,,прописувати
208,208,94126,2020-08-06 12:15:25+00:00,511986933,138918380,,
209,209,94125,2020-08-06 12:07:34+00:00,138918380,511986933,,може запитати окуліст можи крапати
210,210,94124,2020-08-06 12:07:19+00:00,138918380,511986933,,який користуватися
211,211,94123,2020-08-06 12:07:13+00:00,138918380,511986933,,колись прописувати окуліст зараз щось казати крапель
212,212,94122,2020-08-06 11:29:51+00:00,511986933,138918380,,
213,213,94118,2020-08-06 09:30:38+00:00,138918380,511986933,,danielkummer github
214,214,94117,2020-08-06 09:08:20+00:00,138918380,511986933,,пуст
215,215,94116,2020-08-06 09:02:31+00:00,511986933,138918380,,колі напити приєднуватися щобя впустити
216,216,94115,2020-08-06 09:02:10+00:00,511986933,138918380,,okey
217,217,94114,2020-08-06 09:02:01+00:00,138918380,511986933,,приєднатися ок
218,218,94113,2020-08-06 09:01:42+00:00,138918380,511986933,,привіт
219,219,94112,2020-08-06 09:01:18+00:00,511986933,138918380,,us02web zoom
220,220,94111,2020-08-06 08:17:30+00:00,511986933,138918380,,
221,221,94110,2020-08-06 08:17:26+00:00,511986933,138918380,,глянь частина
222,222,94109,2020-08-06 08:17:16+00:00,511986933,138918380,,doxygen
223,223,94108,2020-08-06 08:17:13+00:00,511986933,138918380,,привіт діма щодо документація
224,224,94087,2020-08-05 19:04:21+00:00,511986933,138918380,,чекати відпише
225,225,94086,2020-08-05 19:03:56+00:00,511986933,138918380,"MessageFwdHeader(date=datetime.datetime(2020, 8, 5, 18, 58, 55, tzinfo=datetime.timezone.utc), from_id=244268154, from_name=None, channel_id=None, channel_post=None, post_author=None, saved_from_peer=None, saved_from_msg_id=None, psa_type=None)",написати пан олега додати
226,226,94085,2020-08-05 19:03:56+00:00,511986933,138918380,"MessageFwdHeader(date=datetime.datetime(2020, 8, 5, 18, 57, 49, tzinfo=datetime.timezone.utc), from_id=511986933, from_name=None, channel_id=None, channel_post=None, post_author=None, saved_from_peer=None, saved_from_msg_id=None, psa_type=None)",дякувати канала долучитися
227,227,94084,2020-08-05 19:03:56+00:00,511986933,138918380,"MessageFwdHeader(date=datetime.datetime(2020, 8, 5, 18, 57, 29, tzinfo=datetime.timezone.utc), from_id=244268154, from_name=None, channel_id=None, channel_post=None, post_author=None, saved_from_peer=None, saved_from_msg_id=None, psa_type=None)",давати дняй чекний сказати
228,228,94083,2020-08-05 19:03:56+00:00,511986933,138918380,"MessageFwdHeader(date=datetime.datetime(2020, 8, 5, 18, 57, 16, tzinfo=datetime.timezone.utc), from_id=244268154, from_name=None, channel_id=None, channel_post=None, post_author=None, saved_from_peer=None, saved_from_msg_id=None, psa_type=None)",окрений канал слеця
229,229,94082,2020-08-05 19:03:34+00:00,511986933,138918380,"MessageFwdHeader(date=datetime.datetime(2020, 8, 5, 19, 1, 3, tzinfo=datetime.timezone.utc), from_id=244268154, from_name=None, channel_id=None, channel_post=None, post_author=None, saved_from_peer=None, saved_from_msg_id=None, psa_type=None)",весь однаковий структура мати написання нейронка ембедеда
230,230,94081,2020-08-05 19:03:34+00:00,511986933,138918380,,діма поспілкуватися сказати день гляний ситуація проект проект загалом
231,231,94055,2020-08-05 17:54:50+00:00,511986933,138918380,,презентація робити
232,232,94054,2020-08-05 17:54:31+00:00,511986933,138918380,,swig
233,233,94053,2020-08-05 17:54:20+00:00,511986933,138918380,,тепер ліба пайтон
234,234,94052,2020-08-05 17:54:14+00:00,511986933,138918380,,наш ліба пайтон перевести
235,235,94051,2020-08-05 17:53:59+00:00,511986933,138918380,,
236,236,94050,2020-08-05 17:53:58+00:00,511986933,138918380,,прикол покажи
237,237,94040,2020-08-05 13:53:39+00:00,138918380,511986933,,давати
238,238,94039,2020-08-05 13:51:31+00:00,138918380,511986933,,аха
239,239,94036,2020-08-05 13:42:23+00:00,511986933,138918380,,рибалка святити тепер виходити
240,240,94035,2020-08-05 13:42:01+00:00,511986933,138918380,,давати завтра
241,241,94026,2020-08-05 13:20:07+00:00,138918380,511986933,,щось натхнення явитися
242,242,94025,2020-08-05 13:19:47+00:00,138918380,511986933,,зараз рибалка тато поїхати вечір дома скоріш
243,243,94024,2020-08-05 13:17:53+00:00,138918380,511986933,,підтримувати проект компанія звичайний
244,244,94023,2020-08-05 13:17:28+00:00,138918380,511986933,,окей завтра гляний
245,245,94022,2020-08-05 11:57:37+00:00,511986933,138918380,,давати переглянути відео вибутти проект завтра вийти глянути
246,246,94021,2020-08-05 11:57:01+00:00,511986933,138918380,,
247,247,94020,2020-08-05 11:56:36+00:00,511986933,138918380,,
248,248,94019,2020-08-05 11:55:46+00:00,511986933,138918380,"MessageFwdHeader(date=datetime.datetime(2020, 7, 10, 13, 15, 22, tzinfo=datetime.timezone.utc), from_id=244268154, from_name=None, channel_id=None, channel_post=None, post_author=None, saved_from_peer=None, saved_from_msg_id=None, psa_type=None)",
249,249,94018,2020-08-05 11:55:38+00:00,511986933,138918380,,річ дивитися відео
250,250,94017,2020-08-05 11:55:26+00:00,511986933,138918380,,звісно розписати
251,251,94016,2020-08-05 11:55:12+00:00,511986933,138918380,,дуже зрозумілий графік завтра мати декілька дзвінок
252,252,94015,2020-08-05 11:54:41+00:00,511986933,138918380,,може увечері завтра могти вийти
253,253,94014,2020-08-05 11:54:19+00:00,511986933,138918380,,вийти зізвонитися
254,254,94013,2020-08-05 11:53:23+00:00,511986933,138918380,,поспішити
255,255,94012,2020-08-05 11:53:21+00:00,511986933,138918380,,привіт життя швидко код скидати розумія коментований код удаляти файл
256,256,93959,2020-08-05 11:34:26+00:00,138918380,511986933,,привіт стосовно твій питання написати працювати нормально старатися пофіксити вирішити переписати треба вирішити декілька питання зараз перше планувати наш робота влітку хотіти структуризувати розумія який зараз етапа щоо займатися розуміти тобто треба скласти якийсь реалістичний план робиии хотіти здавати наприклад хотіти здати лаб2 який лаба влітку працювати загалом цікаво дізнатися твой план літний підготовка пік пройти закінчити розумія страшенно затримувати виконання лаб2 встигиг незрівнянно зараз треба скласти план виправити робити лаб2 треба вирішити робити чекати працювати продуктивно друге враховувати разом працювати лабка треба узгодити деякий момент написання код простіше мати декілька зауваження важко працювати назво block1 добре поміняти щось змістовніше блок фаренюк назвати дотримуватися заголовок створення знищення стрічка файла назвати string creation deletition блок ласок коментуву кода який треба видалити дуже збивати поганий практика залишати проект код якщо перемішка закоментований дуже розгублювати коментую кода процес розробка закінчува написання функціонал зайвий видаляти чищий проша зайвий файла треба видаляти знати дуже хотіти писати функція документація давай могти функція писати пара слово робити що потрібний ідеаль коментувати код рядочок крайний міра блок код знати непросто займати простіше працювати цінуватися індустрія подякувати викладач зараз складно розібратися кода брак коментар третє пропонувати зустрітися обговорити написати вище мати декілька питання проект кінець розуміти весь розбитий модуль разом правильно запускати зручно завтра зранку вільний
257,257,93939,2020-08-05 08:52:11+00:00,511986933,138918380,,привіт діма написати функція просити
258,258,93868,2020-08-04 20:51:41+00:00,138918380,511986933,,десь виглядати
259,259,93867,2020-08-04 20:51:36+00:00,138918380,511986933,,
260,260,93866,2020-08-04 20:50:05+00:00,138918380,511986933,,почитати посилання
261,261,93865,2020-08-04 20:50:02+00:00,138918380,511986933,,пан олега сказати повторити лекція
262,262,93864,2020-08-04 20:49:46+00:00,138918380,511986933,,стм останній лекція розглядати
263,263,93863,2020-08-04 20:49:34+00:00,138918380,511986933,,сказати працювати
264,264,93862,2020-08-04 20:49:23+00:00,138918380,511986933,,аха
265,265,93861,2020-08-04 20:49:17+00:00,511986933,138918380,,дуже заздрити
266,266,93860,2020-08-04 20:49:17+00:00,138918380,511986933,,дати stm
267,267,93859,2020-08-04 20:49:09+00:00,511986933,138918380,,
268,268,93858,2020-08-04 20:48:34+00:00,138918380,511986933,,
269,269,93857,2020-08-04 20:48:07+00:00,138918380,511986933,,фаренюка
270,270,93856,2020-08-04 20:48:01+00:00,138918380,511986933,,проект добре виходити вчасно закінчити функція
271,271,93855,2020-08-04 20:45:21+00:00,511986933,138918380,,
272,272,93816,2020-08-04 16:47:21+00:00,511986933,138918380,,вдатися запустити
273,273,93634,2020-08-04 08:57:15+00:00,511986933,138918380,,
274,274,93633,2020-08-04 08:53:54+00:00,511986933,138918380,,
275,275,93632,2020-08-04 08:27:50+00:00,138918380,511986933,,могти скинути зіпка почищений проект
276,276,93631,2020-08-04 08:27:41+00:00,138918380,511986933,,немати папка googletest
277,277,93630,2020-08-04 08:27:30+00:00,138918380,511986933,,файл str functions
278,278,93629,2020-08-04 08:27:26+00:00,138918380,511986933,,
279,279,93626,2020-08-04 08:26:35+00:00,138918380,511986933,,зараз склонувати відпиша
280,280,93624,2020-08-04 08:26:26+00:00,138918380,511986933,,бренча
281,281,93623,2020-08-04 08:26:11+00:00,138918380,511986933,,вилазити помилка зараз зрозуміти файл
282,282,93622,2020-08-04 08:26:07+00:00,511986933,138918380,,могти окремий модуль розьити зробити
283,283,93621,2020-08-04 08:25:39+00:00,511986933,138918380,,add tests
284,284,93620,2020-08-04 08:25:37+00:00,138918380,511986933,,намагатися інтегрувати старий файл str functions
285,285,93619,2020-08-04 08:25:20+00:00,138918380,511986933,,хотіти свій код додати запустити
286,286,93618,2020-08-04 08:25:11+00:00,511986933,138918380,,зараз
287,287,93617,2020-08-04 08:25:06+00:00,511986933,138918380,,бліно
288,288,93616,2020-08-04 08:25:02+00:00,138918380,511986933,,сказати пліз який бренчий взяти
289,289,93615,2020-08-04 08:24:55+00:00,138918380,511986933,,гіт репо загалом
290,290,93613,2020-08-04 08:24:50+00:00,138918380,511986933,,кидати посилання бренч
291,291,93612,2020-08-04 08:24:39+00:00,511986933,138918380,,модуль розбити
292,292,93611,2020-08-04 08:24:27+00:00,511986933,138918380,"MessageFwdHeader(date=datetime.datetime(2020, 8, 3, 11, 44, 51, tzinfo=datetime.timezone.utc), from_id=511986933, from_name=None, channel_id=None, channel_post=None, post_author=None, saved_from_peer=None, saved_from_msg_id=None, psa_type=None)",github com
293,293,93610,2020-08-04 08:24:19+00:00,511986933,138918380,,мій бранча заходити
294,294,93609,2020-08-04 08:24:05+00:00,511986933,138918380,,видалити закомітив видалення
295,295,93608,2020-08-04 08:23:56+00:00,138918380,511986933,,актуальний файл str functions знаходитися string lib
296,296,93607,2020-08-04 08:23:28+00:00,138918380,511986933,,чогось потрібен забути видалити
297,297,93606,2020-08-04 08:23:10+00:00,138918380,511986933,,отут файл str functions
298,298,93605,2020-08-04 08:23:02+00:00,138918380,511986933,,
299,299,93602,2020-08-04 08:19:19+00:00,511986933,138918380,,момент
300,300,93601,2020-08-04 08:19:15+00:00,511986933,138918380,,привіт круто
301,301,93600,2020-08-04 08:19:06+00:00,138918380,511986933,,писати функція порівняння мати декілька момент хотіти
302,302,93599,2020-08-04 08:18:30+00:00,138918380,511986933,,справа
303,303,93598,2020-08-04 08:18:26+00:00,138918380,511986933,,привіт
304,304,93539,2020-08-03 13:41:58+00:00,138918380,511986933,,гіт точніше
305,305,93538,2020-08-03 13:41:52+00:00,138918380,511986933,,завтра скина
306,306,93537,2020-08-03 13:41:28+00:00,138918380,511986933,,супер
307,307,93536,2020-08-03 13:41:25+00:00,138918380,511986933,,привіт
308,308,93535,2020-08-03 11:45:27+00:00,511986933,138918380,,закінчити робити функція просити зробити перший
309,309,93534,2020-08-03 11:44:57+00:00,511986933,138918380,,справа
310,310,93533,2020-08-03 11:44:51+00:00,511986933,138918380,,github com
311,311,93532,2020-08-03 11:44:44+00:00,511986933,138918380,,компіювати
312,312,93531,2020-08-03 11:44:40+00:00,511986933,138918380,,модуль розбити частина могти гілка змерджити
313,313,93530,2020-08-03 11:44:20+00:00,511986933,138918380,,привіт діма
314,314,93347,2020-08-01 12:35:45+00:00,138918380,511986933,,книжка читати
315,315,93346,2020-08-01 12:33:26+00:00,511986933,138918380,,лаба річ почати писати
316,316,93345,2020-08-01 12:32:47+00:00,511986933,138918380,,круто
317,317,93344,2020-08-01 12:32:47+00:00,138918380,511986933,,сподіватися
318,318,93343,2020-08-01 12:32:41+00:00,138918380,511986933,,хорватія
319,319,93342,2020-08-01 12:32:33+00:00,511986933,138918380,,
320,320,93341,2020-08-01 12:32:22+00:00,138918380,511986933,,вересень
321,321,93340,2020-08-01 12:32:15+00:00,511986933,138918380,,довго
322,322,93339,2020-08-01 12:32:03+00:00,511986933,138918380,,порахувати встигаий заменшити час взяти
323,323,93338,2020-08-01 12:32:00+00:00,138918380,511986933,,влітку серпень їда батько відпочивати літо новий задачо бір
324,324,93337,2020-08-01 12:30:59+00:00,138918380,511986933,,злякатися
325,325,93336,2020-08-01 12:30:48+00:00,511986933,138918380,,літо звісно
326,326,93335,2020-08-01 12:30:31+00:00,138918380,511986933,,думати зможешнн під навчання виділяти година тиждень літо написати
327,327,93334,2020-08-01 12:29:28+00:00,138918380,511986933,,зараз планувати робити коммітмент
328,328,93333,2020-08-01 12:29:08+00:00,138918380,511986933,,справа хібе
329,329,93332,2020-08-01 12:28:49+00:00,138918380,511986933,,вчуся грати укулелий
330,330,93331,2020-08-01 12:28:16+00:00,511986933,138918380,,хібе зараз мати
331,331,93330,2020-08-01 12:27:52+00:00,138918380,511986933,,швидше спорт друг сім хібе
332,332,93329,2020-08-01 12:27:35+00:00,138918380,511986933,,якщо хотіти трати додатковий навчання дата сайнс
333,333,93328,2020-08-01 12:27:17+00:00,138918380,511986933,,плань займатися щось навчання програма
334,334,93327,2020-08-01 12:26:58+00:00,511986933,138918380,,навчання
335,335,93326,2020-08-01 12:26:52+00:00,511986933,138918380,,курс
336,336,93325,2020-08-01 12:26:50+00:00,138918380,511986933,,займатися щось навчання
337,337,93324,2020-08-01 12:26:42+00:00,138918380,511986933,,сумніватися якийсь курся
338,338,93323,2020-08-01 12:26:22+00:00,511986933,138918380,,подумай
339,339,93322,2020-08-01 12:26:10+00:00,138918380,511986933,,послухати
340,340,93321,2020-08-01 12:21:02+00:00,511986933,138918380,,точно погоджуватися шукати кіось команда
341,341,93320,2020-08-01 12:17:21+00:00,511986933,138918380,,вивчати дуже добре прикладай проект що навчитися зрозуміти проект невеликий пов язаний робити
342,342,93317,2020-08-01 12:15:30+00:00,138918380,511986933,,слухати пповідомлення зараз щось сказати
343,343,93316,2020-08-01 12:15:12+00:00,511986933,138918380,,добре
344,344,93314,2020-08-01 12:14:59+00:00,511986933,138918380,,подумати зваж свій зізвонеміся якось
345,345,93309,2020-08-01 12:09:49+00:00,511986933,138918380,,data scientist andrewkurochkin com
346,346,93308,2020-08-01 12:09:13+00:00,511986933,138918380,,описати
347,347,93307,2020-08-01 12:09:02+00:00,511986933,138918380,"MessageFwdHeader(date=datetime.datetime(2020, 7, 31, 16, 12, 7, tzinfo=datetime.timezone.utc), from_id=511986933, from_name=None, channel_id=None, channel_post=None, post_author=None, saved_from_peer=None, saved_from_msg_id=None, psa_type=None)",docs google com
348,348,93306,2020-08-01 12:08:49+00:00,511986933,138918380,,час написати виділити стільки мати
349,349,93305,2020-08-01 12:07:14+00:00,511986933,138918380,,більший знань захопити
350,350,93304,2020-08-01 12:07:04+00:00,511986933,138918380,,скажи цікаво дуже сподіватися зацікавити команда цікавіше працювати
351,351,93303,2020-08-01 12:06:07+00:00,511986933,138918380,,
352,352,93302,2020-08-01 12:05:28+00:00,511986933,138918380,,
353,353,93301,2020-08-01 12:04:13+00:00,511986933,138918380,"MessageFwdHeader(date=datetime.datetime(2020, 7, 30, 20, 58, 20, tzinfo=datetime.timezone.utc), from_id=331192040, from_name=None, channel_id=None, channel_post=None, post_author=None, saved_from_peer=None, saved_from_msg_id=None, psa_type=None)",
354,354,93300,2020-08-01 12:03:48+00:00,511986933,138918380,,такий можливо найближчий майбутній
355,355,93299,2020-08-01 12:03:23+00:00,511986933,138918380,,привіт діма дуже крутий пропозиція щодо стадування тип
356,356,93151,2020-07-31 15:08:48+00:00,138918380,511986933,,лаба
357,357,93150,2020-07-31 15:08:40+00:00,138918380,511986933,,зле пік
358,358,93149,2020-07-31 15:08:31+00:00,138918380,511986933,,відходити лекція
359,359,93135,2020-07-31 14:57:01+00:00,511986933,138918380,,привіт діма лаба зрозуміло
360,360,92752,2020-07-30 19:00:49+00:00,138918380,511986933,,дякувати
361,361,92751,2020-07-30 19:00:47+00:00,138918380,511986933,,
362,362,92750,2020-07-30 19:00:26+00:00,511986933,138918380,,дуже радий включитися робота якось дуже структурувати людина
363,363,92749,2020-07-30 18:59:43+00:00,511986933,138918380,,
364,364,92747,2020-07-30 18:57:40+00:00,138918380,511986933,,написати
365,365,92746,2020-07-30 18:57:37+00:00,138918380,511986933,,давати зустріч скасувати
366,366,92745,2020-07-30 18:57:27+00:00,138918380,511986933,,денис бачити завтра встигна добре розібратися
367,367,92744,2020-07-30 18:57:12+00:00,138918380,511986933,,привіт
368,368,92706,2020-07-30 15:40:00+00:00,138918380,511986933,,добре
369,369,92704,2020-07-30 15:36:13+00:00,511986933,138918380,,весь закоментований рядок могти прибрати
370,370,92703,2020-07-30 14:58:18+00:00,511986933,138918380,,meet google com
371,371,92702,2020-07-30 14:53:14+00:00,138918380,511986933,,
372,372,92701,2020-07-30 14:51:29+00:00,511986933,138918380,,зателефонувати
373,373,92700,2020-07-30 14:32:41+00:00,511986933,138918380,,
374,374,92698,2020-07-30 14:00:34+00:00,138918380,511986933,,hangouts google com
375,375,92649,2020-07-30 10:51:29+00:00,138918380,511986933,,запуститися посниш валгрінда працювати
376,376,92647,2020-07-30 10:51:10+00:00,138918380,511986933,,
377,377,92646,2020-07-30 10:50:47+00:00,138918380,511986933,,
378,378,92644,2020-07-30 10:50:25+00:00,138918380,511986933,,єєти
379,379,92643,2020-07-30 10:36:39+00:00,138918380,511986933,,пробувати може якраз вийти
380,380,92642,2020-07-30 10:35:29+00:00,511986933,138918380,,пошукай щось
381,381,92641,2020-07-30 10:35:05+00:00,138918380,511986933,,macos
382,382,92640,2020-07-30 10:34:53+00:00,138918380,511986933,,закінчуватися помилець configure error valgrind works darwin mac macos
383,383,92639,2020-07-30 10:34:47+00:00,138918380,511986933,,валгрінор щось виходити
384,384,92638,2020-07-30 10:34:33+00:00,138918380,511986933,,привіт
385,385,92519,2020-07-29 18:33:55+00:00,138918380,511986933,,ура завтра
386,386,92518,2020-07-29 18:33:47+00:00,138918380,511986933,,
387,387,92517,2020-07-29 18:33:22+00:00,511986933,138918380,,давати
388,388,92516,2020-07-29 18:32:56+00:00,138918380,511986933,,може десь коло
389,389,92515,2020-07-29 18:32:17+00:00,138918380,511986933,,ахаха хоротти питання обід штук відносний
390,390,92514,2020-07-29 18:31:58+00:00,511986933,138918380,,вийти обід
391,391,92513,2020-07-29 18:31:29+00:00,138918380,511986933,,після обід
392,392,92512,2020-07-29 18:31:29+00:00,511986933,138918380,,
393,393,92511,2020-07-29 18:30:49+00:00,138918380,511986933,,розказати
394,394,92510,2020-07-29 18:30:42+00:00,138918380,511986933,,могти завтра зідзвонитися
395,395,92509,2020-07-29 18:30:33+00:00,138918380,511986933,,дивитися код страшно
396,396,92508,2020-07-29 18:29:34+00:00,511986933,138918380,,почати писати
397,397,92507,2020-07-29 18:29:28+00:00,511986933,138918380,,завдання використовуватися
398,398,92506,2020-07-29 18:29:20+00:00,511986933,138918380,"MessageFwdHeader(date=datetime.datetime(2020, 7, 29, 13, 58, 37, tzinfo=datetime.timezone.utc), from_id=511986933, from_name=None, channel_id=None, channel_post=None, post_author=None, saved_from_peer=None, saved_from_msg_id=None, psa_type=None)",функція пошук порівняння
399,399,92505,2020-07-29 18:29:20+00:00,511986933,138918380,"MessageFwdHeader(date=datetime.datetime(2020, 7, 29, 13, 58, 36, tzinfo=datetime.timezone.utc), from_id=511986933, from_name=None, channel_id=None, channel_post=None, post_author=None, saved_from_peer=None, saved_from_msg_id=None, psa_type=None)",могти блока почати
400,400,92504,2020-07-29 18:29:10+00:00,511986933,138918380,,функція напити завдання
401,401,92503,2020-07-29 18:28:44+00:00,138918380,511986933,,зрештою треба щось почати
402,402,92502,2020-07-29 18:28:37+00:00,138918380,511986933,,спробува
403,403,92501,2020-07-29 18:28:34+00:00,138918380,511986933,,відчувати криворуко напиша
404,404,92500,2020-07-29 18:28:19+00:00,138918380,511986933,,проти
405,405,92499,2020-07-29 18:27:57+00:00,511986933,138918380,,щодо
406,406,92498,2020-07-29 18:27:40+00:00,138918380,511986933,,ух процес
407,407,92497,2020-07-29 18:27:31+00:00,138918380,511986933,,привіт
408,408,92439,2020-07-29 13:59:35+00:00,511986933,138918380,,могти юзати функція
409,409,92438,2020-07-29 13:59:08+00:00,511986933,138918380,,завдання який зверху писати
410,410,92437,2020-07-29 13:59:00+00:00,511986933,138918380,,почати виконувати
411,411,92436,2020-07-29 13:58:49+00:00,511986933,138918380,,завдання пов язаний
412,412,92435,2020-07-29 13:58:37+00:00,511986933,138918380,,функція пошук порівняння
413,413,92434,2020-07-29 13:58:36+00:00,511986933,138918380,,могти блока почати
414,414,92387,2020-07-29 10:08:50+00:00,511986933,138918380,,найцікавіше
415,415,92386,2020-07-29 10:08:46+00:00,511986933,138918380,,пропонувати яте зробити
416,416,92385,2020-07-29 10:08:39+00:00,511986933,138918380,,
417,417,92384,2020-07-29 10:08:36+00:00,511986933,138918380,,успіх лаба
418,418,92383,2020-07-29 10:08:28+00:00,511986933,138918380,,привіт діма
419,419,91978,2020-07-28 13:38:42+00:00,138918380,511986933,,окий писати
420,420,91977,2020-07-28 13:37:38+00:00,511986933,138918380,,пити якщо
421,421,91976,2020-07-28 13:37:34+00:00,511986933,138918380,,код зрозуміло
422,422,91975,2020-07-28 13:37:21+00:00,511986933,138918380,,github com
423,423,91923,2020-07-28 07:27:55+00:00,511986933,138918380,,str functions закоментити main тест працювати
424,424,91922,2020-07-28 07:27:23+00:00,511986933,138918380,,зрозуміло мій код
425,425,91921,2020-07-28 07:27:09+00:00,511986933,138918380,,привіт діма весь функціа написати залишитися деякий memerror пофіксити побачити valgrind
426,426,91903,2020-07-27 16:00:03+00:00,511986933,138918380,,такий вигляд могти функція перевіряти
427,427,91902,2020-07-27 15:59:51+00:00,511986933,138918380,,github com
428,428,91901,2020-07-27 15:59:51+00:00,511986933,138918380,,тест зробити
429,429,91882,2020-07-27 14:14:19+00:00,138918380,511986933,,зараз трішки відпизати
430,430,91881,2020-07-27 14:14:10+00:00,138918380,511986933,,привіт
431,431,91871,2020-07-27 12:04:48+00:00,511986933,138918380,,приклад оформлення
432,432,91870,2020-07-27 12:04:38+00:00,511986933,138918380,,github com
433,433,91869,2020-07-27 12:02:05+00:00,511986933,138918380,,оформля ознавися
434,434,91868,2020-07-27 12:01:58+00:00,511986933,138918380,,якщо цыкаво дуже довго возитися знайти робити праивльно тест
435,435,91867,2020-07-27 12:01:40+00:00,511986933,138918380,,youtube com
436,436,91864,2020-07-27 11:30:22+00:00,511986933,138918380,,
437,437,91863,2020-07-27 11:29:52+00:00,511986933,138918380,,
438,438,91862,2020-07-27 11:28:57+00:00,511986933,138918380,,
439,439,91861,2020-07-27 11:27:58+00:00,511986933,138918380,,
440,440,91859,2020-07-27 11:25:37+00:00,511986933,138918380,,github com
441,441,91858,2020-07-27 11:25:30+00:00,511986933,138918380,,
442,442,91857,2020-07-27 11:25:04+00:00,511986933,138918380,,привіт діма
443,443,91818,2020-07-26 20:32:26+00:00,511986933,138918380,,мій приклад
444,444,91817,2020-07-26 20:32:19+00:00,511986933,138918380,,valgrind leak check full mnt ucu course1 term poc programs pract2 herasymuk string lib str functions
445,445,91816,2020-07-26 20:32:18+00:00,511986933,138918380,,звідти valgrind запускати
446,446,91815,2020-07-26 20:31:51+00:00,511986933,138918380,,gcc std gnu99 str functions str functions
447,447,91814,2020-07-26 20:31:50+00:00,511986933,138918380,,папець проект запускати
448,448,91813,2020-07-26 20:30:45+00:00,511986933,138918380,,чудовий порада встановити valgrind
449,449,91812,2020-07-26 20:30:23+00:00,511986933,138918380,,stackoverflow com
450,450,91463,2020-07-24 16:51:52+00:00,511986933,138918380,,можливо якщо вач група якийсь такий спільний виїздка кудись могти ласок додати
451,451,91462,2020-07-24 16:48:43+00:00,511986933,138918380,,
452,452,91461,2020-07-24 16:47:08+00:00,511986933,138918380,,
453,453,91460,2020-07-24 16:47:00+00:00,511986933,138918380,,
454,454,91459,2020-07-24 16:41:13+00:00,511986933,138918380,,machine learning курси towardsdatascience com elitedatascience com elitedatascience com first courses mrdbourke useful blog github com roadmap
455,455,91458,2020-07-24 16:39:29+00:00,511986933,138918380,,зрозуміти практичний
456,456,91457,2020-07-24 16:39:12+00:00,511986933,138918380,,рекомендувати подивитися останній лекція преред робити
457,457,91456,2020-07-24 16:38:30+00:00,511986933,138918380,,може дуже прикопатися робота
458,458,91455,2020-07-24 16:38:18+00:00,511986933,138918380,,жирний виділити найголовніший порада перевіряти практичний
459,459,91454,2020-07-24 16:37:57+00:00,511986933,138918380,,увесь сторінка курс зібрати
460,460,91453,2020-07-24 16:37:41+00:00,511986933,138918380,,маленький помітка робити виконання практичний
461,461,91452,2020-07-24 16:37:28+00:00,511986933,138918380,,docs google com
462,462,91451,2020-07-24 16:35:38+00:00,138918380,511986933,,github com
463,463,91450,2020-07-24 16:00:45+00:00,511986933,138918380,,meet google com
464,464,91253,2020-07-23 21:11:50+00:00,138918380,511986933,,змогти
465,465,91252,2020-07-23 21:11:47+00:00,138918380,511986933,,інет
466,466,91251,2020-07-23 21:11:41+00:00,138918380,511986933,,завтра їдти карпати знову день
467,467,91250,2020-07-23 21:11:30+00:00,138918380,511986933,,думати змогти
468,468,91249,2020-07-23 21:11:21+00:00,138918380,511986933,,привіт
469,469,91248,2020-07-23 21:04:04+00:00,511986933,138918380,,привіт діма вийти завтра зізвонитися хотіти показати робити частина завдання можливо пояснити щось кода зрозуміліше
470,470,90751,2020-07-22 21:24:39+00:00,138918380,511986933,,говорити поділюся
471,471,90750,2020-07-22 21:24:09+00:00,138918380,511986933,,дуже робити ставка відпочинок перевтомлюватися
472,472,90749,2020-07-22 21:23:53+00:00,138918380,511986933,,намагатися балансувати
473,473,90748,2020-07-22 21:23:41+00:00,138918380,511986933,,дрібніший ціль
474,474,90747,2020-07-22 21:23:26+00:00,138918380,511986933,,зараз дуже один проект захопитися
475,475,90746,2020-07-22 21:23:13+00:00,138918380,511986933,,двох слово розказати
476,476,90745,2020-07-22 21:22:50+00:00,511986933,138918380,,цікаво
477,477,90744,2020-07-22 21:22:46+00:00,511986933,138918380,,чим такий зараз занятий
478,478,90743,2020-07-22 21:22:06+00:00,138918380,511986933,,дуже старатися наздогнати темпа виходити виправитися
479,479,90742,2020-07-22 21:21:11+00:00,138918380,511986933,,чесно скажи дуже незручно повільно рухатися
480,480,90741,2020-07-22 21:18:39+00:00,138918380,511986933,,дочитувати книжка додивлятися друге відео фаренюк
481,481,90740,2020-07-22 21:18:08+00:00,138918380,511986933,,дуже
482,482,90739,2020-07-22 21:17:54+00:00,138918380,511986933,,супер
483,483,90738,2020-07-22 21:17:45+00:00,138918380,511986933,,якщо щось треба терміновіше дзвон інакше могти трошки пропускати
484,484,90737,2020-07-22 21:17:22+00:00,138918380,511986933,,вибачай мій вчасність відписування соцмережа заходити
485,485,90736,2020-07-22 21:16:34+00:00,138918380,511986933,,привіт
486,486,90729,2020-07-22 20:37:41+00:00,511986933,138918380,,
487,487,90453,2020-07-22 12:07:23+00:00,511986933,138918380,,блока зробити
488,488,90452,2020-07-22 12:07:14+00:00,511986933,138918380,,якщо могти деякий команда поглянути
489,489,90451,2020-07-22 12:07:04+00:00,511986933,138918380,,зробити приватний добавити
490,490,90450,2020-07-22 12:06:55+00:00,511986933,138918380,,github com
491,491,90449,2020-07-22 12:06:54+00:00,511986933,138918380,,створити гіт репозиторія
492,492,90448,2020-07-22 12:06:47+00:00,511986933,138918380,,справа лаба
493,493,90447,2020-07-22 12:06:20+00:00,511986933,138918380,,привіт діма
494,494,89153,2020-07-19 18:00:57+00:00,138918380,511986933,,серпний мати іспит
495,495,89152,2020-07-19 18:00:54+00:00,138918380,511986933,,теперішній етап
496,496,89151,2020-07-19 18:00:46+00:00,138918380,511986933,,тиждень їздити
497,497,89150,2020-07-19 18:00:42+00:00,138918380,511986933,,вчити правило десь тиждень проходити тесте тиждень
498,498,89149,2020-07-19 18:00:21+00:00,138918380,511986933,,гроші мати допуск іспит
499,499,89148,2020-07-19 18:00:12+00:00,138918380,511986933,,матий приватний інструктор
500,500,89147,2020-07-19 17:59:47+00:00,138918380,511986933,,ходити
501,501,89146,2020-07-19 17:59:42+00:00,138918380,511986933,,знати заплатити грн школа
502,502,89145,2020-07-19 17:59:28+00:00,138918380,511986933,,який домовлятися
503,503,89144,2020-07-19 17:59:22+00:00,138918380,511986933,,мій тато знайомий
504,504,89143,2020-07-19 17:59:13+00:00,138918380,511986933,,дуже специфічний проходини
505,505,89135,2020-07-19 17:55:16+00:00,511986933,138918380,,довго підготовка здач тривати загалом
506,506,89134,2020-07-19 17:55:04+00:00,511986933,138918380,,дорий здавати право зараз школа зашал
507,507,89127,2020-07-19 17:45:49+00:00,138918380,511986933,,взагалі дуже подобатися
508,508,89126,2020-07-19 17:45:36+00:00,138918380,511986933,,дорога виїжджати
509,509,89125,2020-07-19 17:45:25+00:00,138918380,511986933,,втомитися
510,510,89124,2020-07-19 17:45:22+00:00,138918380,511986933,,повернутися
511,511,89123,2020-07-19 17:45:18+00:00,138918380,511986933,,година кататися
512,512,89122,2020-07-19 17:45:10+00:00,138918380,511986933,,дуже непогано
513,513,89121,2020-07-19 17:45:05+00:00,138918380,511986933,,добренько
514,514,89116,2020-07-19 15:32:10+00:00,511986933,138918380,,річ успіх водіння
515,515,89115,2020-07-19 15:14:57+00:00,511986933,138918380,,розбиратися разом
516,516,89114,2020-07-19 15:14:52+00:00,511986933,138918380,,якщо мати питання якийсь почни робити пеш
517,517,89113,2020-07-19 15:14:26+00:00,511986933,138918380,,зробити немати сенс
518,518,89112,2020-07-19 15:14:12+00:00,511986933,138918380,,
519,519,88731,2020-07-19 06:21:58+00:00,138918380,511986933,,привіт
520,520,88730,2020-07-19 06:21:51+00:00,138918380,511986933,,лекція бачити
521,521,88729,2020-07-19 06:21:46+00:00,138918380,511986933,,встановити
522,522,88728,2020-07-19 06:10:18+00:00,511986933,138918380,,
523,523,88727,2020-07-19 06:10:16+00:00,511986933,138918380,,привіт діма спробувати річ valgrind розібратися встаовити комп наш розмова дивитися лекція останній
524,524,88726,2020-07-18 21:44:27+00:00,138918380,511986933,,домовитися
525,525,88725,2020-07-18 21:44:24+00:00,138918380,511986933,,супер
526,526,88665,2020-07-18 21:13:39+00:00,511986933,138918380,,запропонувати
527,527,88664,2020-07-18 21:13:26+00:00,138918380,511986933,,
528,528,88663,2020-07-18 21:13:17+00:00,138918380,511986933,,думати встигний
529,529,88662,2020-07-18 21:13:07+00:00,511986933,138918380,,
530,530,88661,2020-07-18 21:13:06+00:00,138918380,511986933,,вдень
531,531,88660,2020-07-18 21:12:55+00:00,138918380,511986933,,вчитися їздити машина
532,532,88659,2020-07-18 21:11:40+00:00,138918380,511986933,,завтра ввечері
533,533,88658,2020-07-18 21:11:31+00:00,138918380,511986933,,подобатися книга
534,534,88657,2020-07-18 21:10:56+00:00,138918380,511986933,,закінчити
535,535,88656,2020-07-18 21:10:49+00:00,138918380,511986933,,привіт
536,536,88654,2020-07-18 21:06:48+00:00,511986933,138918380,,завтра зізвонитися десь
537,537,88653,2020-07-18 21:05:48+00:00,511986933,138918380,,привіт діма прочитати книга
538,538,87176,2020-07-16 18:14:29+00:00,511986933,138918380,,yeah
539,539,87175,2020-07-16 18:05:36+00:00,138918380,511986933,,неділя зустрінится
540,540,87174,2020-07-16 18:05:28+00:00,138918380,511986933,,дякувати денис
541,541,87157,2020-07-16 16:39:50+00:00,511986933,138918380,,після книга прочитати
542,542,87156,2020-07-16 16:39:42+00:00,511986933,138918380,,блоць основний функція могти використоувати
543,543,87155,2020-07-16 16:39:26+00:00,511986933,138918380,,
544,544,87154,2020-07-16 16:38:50+00:00,511986933,138918380,,мати зробити наступний блок практичний пок створення знищення стрічка робин інформація стрічка доступ символ стрічка функція пошук порівняння ввід вивода робин
545,545,87153,2020-07-16 16:35:31+00:00,511986933,138918380,,перший силка мати практичний частина перший пункт курс курсерь
546,546,87152,2020-07-16 16:35:05+00:00,511986933,138918380,,патерн проектування tproger proglib refactoring guru
547,547,87151,2020-07-16 16:34:03+00:00,511986933,138918380,,
548,548,87150,2020-07-16 16:33:58+00:00,511986933,138918380,,підручник класичний книга керніган річии підійти справді простий доступний вчити довідник страуструп радити
549,549,87149,2020-07-16 16:33:30+00:00,511986933,138918380,,зріб форк репо
550,550,87148,2020-07-16 16:33:22+00:00,511986933,138918380,"MessageFwdHeader(date=datetime.datetime(2020, 7, 3, 7, 54, 23, tzinfo=datetime.timezone.utc), from_id=382647027, from_name=None, channel_id=None, channel_post=None, post_author=None, saved_from_peer=None, saved_from_msg_id=None, psa_type=None)",тримати скомпільований список фаренюк скинути разом книжка рекомендувати клонувати разом github com
551,551,87147,2020-07-16 15:59:13+00:00,138918380,511986933,,hangouts google com
552,552,87066,2020-07-16 13:21:39+00:00,511986933,138918380,,перепитати чому писати
553,553,87065,2020-07-16 13:20:46+00:00,138918380,511986933,,втрачений
554,554,87064,2020-07-16 13:20:37+00:00,138918380,511986933,,
555,555,87063,2020-07-16 13:20:27+00:00,511986933,138918380,,clion
556,556,87003,2020-07-16 12:32:25+00:00,138918380,511986933,,
557,557,87002,2020-07-16 12:32:20+00:00,138918380,511986933,,топ
558,558,87001,2020-07-16 12:32:15+00:00,511986933,138918380,,hangouts
559,559,87000,2020-07-16 12:32:04+00:00,138918380,511986933,,зума хенгаутс
560,560,86999,2020-07-16 12:32:03+00:00,511986933,138918380,,
561,561,86998,2020-07-16 12:31:56+00:00,138918380,511986933,,давати десь
562,562,86997,2020-07-16 12:31:52+00:00,138918380,511986933,,привіт
563,563,86853,2020-07-16 08:03:03+00:00,511986933,138918380,,увечері обід змогти
564,564,86852,2020-07-16 08:02:53+00:00,511986933,138918380,,привіт діма сьогоднв вийти поговорити
565,565,86406,2020-07-15 09:49:58+00:00,511986933,138918380,,тобто розуміння робоа
566,566,86405,2020-07-15 09:49:47+00:00,511986933,138918380,,загалом почати робити пиша подібний функція
567,567,86404,2020-07-15 09:49:44+00:00,138918380,511986933,,
568,568,86403,2020-07-15 09:49:23+00:00,511986933,138918380,,добре тодіще спиватися щодо час
569,569,86401,2020-07-15 09:48:54+00:00,138918380,511986933,,почати
570,570,86400,2020-07-15 09:48:47+00:00,138918380,511986933,,думати могти завтра ввечері поговорити
571,571,86397,2020-07-15 09:48:43+00:00,511986933,138918380,,розбертися
572,572,86396,2020-07-15 09:48:34+00:00,511986933,138918380,,
573,573,86395,2020-07-15 09:48:32+00:00,138918380,511986933,,хотіти почати
574,574,86394,2020-07-15 09:48:26+00:00,138918380,511986933,,зараз мушити розібратися деякий справа терміновий
575,575,86392,2020-07-15 09:48:11+00:00,138918380,511986933,,
576,576,86390,2020-07-15 09:47:49+00:00,511986933,138918380,,легше обом заробити бати мати змога
577,577,86389,2020-07-15 09:47:32+00:00,511986933,138918380,,практичний думати
578,578,86378,2020-07-15 09:30:55+00:00,138918380,511986933,,морально відпочити
579,579,86377,2020-07-15 09:30:50+00:00,138918380,511986933,,дуже класно
580,580,86376,2020-07-15 09:30:33+00:00,138918380,511986933,,якраз повернутися вчора пізно ввечері
581,581,86375,2020-07-15 09:25:31+00:00,138918380,511986933,,слабенький інет карпата
582,582,86374,2020-07-15 09:25:28+00:00,138918380,511986933,,сір трошки затримка відписувати
583,583,86373,2020-07-15 09:21:13+00:00,138918380,511986933,,привіт денис
584,584,86340,2020-07-15 08:22:14+00:00,511986933,138918380,,
585,585,86320,2020-07-14 21:26:54+00:00,511986933,138918380,,додатковий завдання час потребувати думати варто зберегти скористатися
586,586,86319,2020-07-14 21:26:43+00:00,511986933,138918380,,непрот завдання дофіг той половина який поділити засвоїй матеріал
587,587,86318,2020-07-14 21:26:20+00:00,511986933,138918380,,може давати удво зробити практичний вийти якісніше швидше
588,588,86317,2020-07-14 21:26:16+00:00,511986933,138918380,,бачити
589,589,86316,2020-07-14 21:25:58+00:00,511986933,138918380,,
590,590,86315,2020-07-14 21:25:49+00:00,511986933,138918380,,привіт діма їздити карпата
591,591,86273,2020-07-14 08:04:24+00:00,511986933,138918380,,дуже крутий порада силка тема додатково
592,592,86272,2020-07-14 08:04:12+00:00,511986933,138918380,,описа розбиття подкаст
593,593,86271,2020-07-14 08:03:52+00:00,511986933,138918380,,castbox
594,594,86270,2020-07-14 08:03:50+00:00,511986933,138918380,,привіт діма обовязково поглянь
595,595,85542,2020-07-12 15:05:47+00:00,511986933,138918380,,вступ дуже сподобатися
596,596,85541,2020-07-12 15:05:36+00:00,511986933,138918380,,може цікавий
597,597,85540,2020-07-12 15:05:26+00:00,511986933,138918380,,айтишник личный бренд конференци олег бунина онтико хабр habr com
598,598,84698,2020-07-10 16:56:10+00:00,138918380,511986933,"MessageFwdHeader(date=datetime.datetime(2020, 7, 10, 13, 15, 22, tzinfo=datetime.timezone.utc), from_id=244268154, from_name=None, channel_id=None, channel_post=None, post_author=None, saved_from_peer=None, saved_from_msg_id=None, psa_type=None)",
599,599,84697,2020-07-10 16:56:10+00:00,138918380,511986933,"MessageFwdHeader(date=datetime.datetime(2020, 7, 10, 13, 7, 55, tzinfo=datetime.timezone.utc), from_id=244268154, from_name=None, channel_id=None, channel_post=None, post_author=None, saved_from_peer=None, saved_from_msg_id=None, psa_type=None)",щось дефолтний робити бажання нажаль немати
600,600,84696,2020-07-10 16:56:10+00:00,138918380,511986933,"MessageFwdHeader(date=datetime.datetime(2020, 7, 10, 13, 7, 42, tzinfo=datetime.timezone.utc), from_id=244268154, from_name=None, channel_id=None, channel_post=None, post_author=None, saved_from_peer=None, saved_from_msg_id=None, psa_type=None)",щось звідти взяти
601,601,84695,2020-07-10 16:56:10+00:00,138918380,511986933,"MessageFwdHeader(date=datetime.datetime(2020, 7, 10, 13, 7, 28, tzinfo=datetime.timezone.utc), from_id=244268154, from_name=None, channel_id=None, channel_post=None, post_author=None, saved_from_peer=None, saved_from_msg_id=None, psa_type=None)",проект цікавий
602,602,84694,2020-07-10 16:56:10+00:00,138918380,511986933,"MessageFwdHeader(date=datetime.datetime(2020, 7, 10, 13, 7, 20, tzinfo=datetime.timezone.utc), from_id=244268154, from_name=None, channel_id=None, channel_post=None, post_author=None, saved_from_peer=None, saved_from_msg_id=None, psa_type=None)",класно річ якраз вчора презентація проект компанія сайпреса якраз орієнтований студент
603,603,84493,2020-07-10 07:26:48+00:00,511986933,138918380,,
604,604,84483,2020-07-10 05:34:51+00:00,138918380,511986933,,чекати
605,605,84482,2020-07-10 05:34:46+00:00,138918380,511986933,,написати
606,606,84481,2020-07-10 05:34:42+00:00,138918380,511986933,,привіт
607,607,84478,2020-07-09 20:28:51+00:00,511986933,138918380,,писати
608,608,84416,2020-07-09 08:20:12+00:00,138918380,511986933,,привіт денис добре написати
609,609,84415,2020-07-09 08:19:37+00:00,511986933,138918380,,привіт діма могти написати діма білусяк запитати погоджуватися команда дуже вдячний
610,610,84351,2020-07-08 12:42:09+00:00,138918380,511986933,,
611,611,84350,2020-07-08 12:42:09+00:00,138918380,511986933,,
612,612,84349,2020-07-08 12:42:09+00:00,138918380,511986933,,
613,613,84348,2020-07-08 12:42:09+00:00,138918380,511986933,,
614,614,84347,2020-07-08 12:42:09+00:00,138918380,511986933,,
615,615,84346,2020-07-08 12:42:09+00:00,138918380,511986933,,
616,616,84345,2020-07-08 12:42:09+00:00,138918380,511986933,,
617,617,84344,2020-07-08 12:41:13+00:00,138918380,511986933,,кидати
618,618,84343,2020-07-08 12:41:06+00:00,138918380,511986933,,дякувати
619,619,84342,2020-07-08 12:29:52+00:00,511986933,138918380,,могти ласок скинути фото одяга
620,620,84341,2020-07-08 12:29:38+00:00,511986933,138918380,,сервіс могти малювати сайт перетворювати сісс
621,621,84340,2020-07-08 12:29:19+00:00,511986933,138918380,,figma com
622,622,84339,2020-07-08 12:27:56+00:00,511986933,138918380,,монтування відео
623,623,84338,2020-07-08 12:27:46+00:00,511986933,138918380,"MessageFwdHeader(date=datetime.datetime(2020, 7, 8, 10, 17, 51, tzinfo=datetime.timezone.utc), from_id=347963763, from_name=None, channel_id=None, channel_post=None, post_author=None, saved_from_peer=None, saved_from_msg_id=None, psa_type=None)",magisto com
624,624,84300,2020-07-08 06:04:27+00:00,138918380,511986933,,ага
625,625,84299,2020-07-08 06:04:14+00:00,138918380,511986933,,вийти
626,626,84298,2020-07-08 06:04:02+00:00,138918380,511986933,,дуже приємно
627,627,84297,2020-07-08 06:03:52+00:00,138918380,511986933,,дякуюююювюти
628,628,84296,2020-07-07 21:28:36+00:00,511986933,138918380,,вийти зізвонитися
629,629,84294,2020-07-07 21:00:57+00:00,511986933,138918380,,
630,630,84293,2020-07-07 21:00:31+00:00,511986933,138918380,,
631,631,84292,2020-07-07 21:00:21+00:00,511986933,138918380,,секунда секунд
632,632,84291,2020-07-07 21:00:03+00:00,511986933,138918380,,привіт діма день народження продовжуй розвиватися продовжуй старання зробити наш спільнота кращий завдяки креативний ініціатива бажати побільше геніальний ідея хороший команда реалізація отримуй насолода робити показуй максимальний результат який могти нехай удач посміхатися вдатися протримати стипендія кінець бакалаврат курс чекати хай страшитися
633,633,84290,2020-07-07 20:46:03+00:00,511986933,138918380,,може удач посміхнитися двома діма
634,634,84289,2020-07-07 20:45:40+00:00,511986933,138918380,,питань
635,635,84288,2020-07-07 19:09:05+00:00,138918380,511986933,,давати завтра поговорити
636,636,84287,2020-07-07 19:08:56+00:00,138918380,511986933,,діма
637,637,84286,2020-07-07 19:08:38+00:00,138918380,511986933,,привіт
638,638,84180,2020-07-07 11:34:26+00:00,511986933,138918380,,добре
639,639,84168,2020-07-07 11:30:45+00:00,138918380,511986933,,дати вечір
640,640,84167,2020-07-07 11:30:23+00:00,138918380,511986933,,привіт
641,641,84166,2020-07-07 11:30:19+00:00,138918380,511986933,,дякувати послухати
642,642,84165,2020-07-07 11:30:11+00:00,138918380,511986933,,оей
643,643,84111,2020-07-07 08:30:30+00:00,511986933,138918380,,рахунок члена команда
644,644,84110,2020-07-07 08:30:19+00:00,511986933,138918380,,дуже цікавий форма подача думка
645,645,84109,2020-07-07 08:29:45+00:00,511986933,138918380,,ука викладати
646,646,84108,2020-07-07 08:29:37+00:00,511986933,138918380,"MessageFwdHeader(date=datetime.datetime(2020, 7, 7, 8, 12, 42, tzinfo=datetime.timezone.utc), from_id=938073381, from_name=None, channel_id=None, channel_post=None, post_author=None, saved_from_peer=None, saved_from_msg_id=None, psa_type=None)",
647,647,84107,2020-07-07 08:29:37+00:00,511986933,138918380,,привіт діма дуже цікавий розмова директор комунікація ватикань який працювати пап римський протязь рік
648,648,82902,2020-07-04 13:49:29+00:00,138918380,511986933,,дякувати
649,649,82901,2020-07-04 13:48:35+00:00,511986933,138918380,,відеомонтажи телефонь крутий
650,650,82900,2020-07-04 13:48:20+00:00,511986933,138918380,,курс крутий курсера запропонований рекомендувати глянути
651,651,82899,2020-07-04 13:48:18+00:00,138918380,511986933,,додаток
652,652,82898,2020-07-04 13:48:06+00:00,511986933,138918380,,крутий стаття
653,653,82897,2020-07-04 13:48:00+00:00,511986933,138918380,,tproger
654,654,82896,2020-07-04 13:47:41+00:00,138918380,511986933,,напевно
655,655,82895,2020-07-04 13:45:49+00:00,511986933,138918380,"MessageFwdHeader(date=datetime.datetime(2020, 7, 4, 6, 5, 34, tzinfo=datetime.timezone.utc), from_id=503939784, from_name=None, channel_id=None, channel_post=None, post_author=None, saved_from_peer=None, saved_from_msg_id=None, psa_type=None)",
656,656,82894,2020-07-04 13:45:49+00:00,511986933,138918380,"MessageFwdHeader(date=datetime.datetime(2020, 7, 4, 6, 5, 30, tzinfo=datetime.timezone.utc), from_id=503939784, from_name=None, channel_id=None, channel_post=None, post_author=None, saved_from_peer=None, saved_from_msg_id=None, psa_type=None)",привіт насправді звичайний програма телефонь inshot виглядати
657,657,82893,2020-07-04 13:43:18+00:00,511986933,138918380,,російський пиша
658,658,82892,2020-07-04 13:43:12+00:00,511986933,138918380,,apogozhev
659,659,82891,2020-07-04 13:43:09+00:00,511986933,138918380,,людина
660,660,82890,2020-07-04 13:42:51+00:00,511986933,138918380,,якийсь рекогнішн
661,661,82835,2020-07-04 12:48:53+00:00,138918380,511986933,,
662,662,82834,2020-07-04 12:48:36+00:00,138918380,511986933,,самокерований дрон
663,663,82833,2020-07-04 12:48:26+00:00,138918380,511986933,,зявитися ідея
664,664,82830,2020-07-04 12:00:40+00:00,511986933,138918380,,питань
665,665,82829,2020-07-04 11:53:42+00:00,138918380,511986933,,трошки встигати
666,666,82828,2020-07-04 11:53:27+00:00,138918380,511986933,,денис могти 10хв
667,667,82811,2020-07-04 10:14:28+00:00,138918380,511986933,,дякувати послухаий обовязково
668,668,82809,2020-07-04 10:06:18+00:00,511986933,138918380,,реальний час слухати
669,669,82808,2020-07-04 10:06:06+00:00,511986933,138918380,,дуже сподобатися
670,670,82807,2020-07-04 10:05:59+00:00,511986933,138918380,,фандрейзер ук
671,671,82806,2020-07-04 10:05:52+00:00,511986933,138918380,,зустріч англ. школа олександр кузьмий
672,672,82805,2020-07-04 10:05:34+00:00,511986933,138918380,,можливо цікаво
673,673,82803,2020-07-04 10:05:26+00:00,511986933,138918380,"MessageFwdHeader(date=datetime.datetime(2020, 7, 4, 8, 1, 36, tzinfo=datetime.timezone.utc), from_id=938073381, from_name=None, channel_id=None, channel_post=None, post_author=None, saved_from_peer=None, saved_from_msg_id=None, psa_type=None)",
674,674,82753,2020-07-04 08:30:10+00:00,511986933,138918380,,зателефонувати
675,675,82742,2020-07-04 06:43:56+00:00,138918380,511986933,,погоджуватися
676,676,82741,2020-07-04 06:43:49+00:00,138918380,511986933,,пробувати жайворонок
677,677,82740,2020-07-04 06:43:24+00:00,138918380,511986933,,режим змінювати
678,678,82739,2020-07-04 06:43:13+00:00,138918380,511986933,,давати
679,679,82734,2020-07-04 06:37:47+00:00,511986933,138918380,,може
680,680,82733,2020-07-04 06:37:31+00:00,511986933,138918380,,забути
681,681,82732,2020-07-04 06:37:25+00:00,511986933,138918380,,англо школ
682,682,82722,2020-07-03 21:38:27+00:00,511986933,138918380,,може давати білусяк покливати султанови
683,683,82721,2020-07-03 21:38:01+00:00,511986933,138918380,,якщо людина робота проект дуже вийти
684,684,82720,2020-07-03 21:37:44+00:00,511986933,138918380,,трете точно кликати треба якщо хотіти корисний проект зробити
685,685,82685,2020-07-03 20:25:25+00:00,511986933,138918380,,напити матими завтра після
686,686,82684,2020-07-03 20:24:35+00:00,511986933,138918380,,вставати кудись збиратися
687,687,82683,2020-07-03 19:25:26+00:00,138918380,511986933,,поговорити
688,688,82682,2020-07-03 19:25:21+00:00,138918380,511986933,,завтра підй
689,689,82681,2020-07-03 19:25:15+00:00,138918380,511986933,,лягати спати
690,690,82680,2020-07-03 19:25:05+00:00,138918380,511986933,,вдвох казати пан олег. третій знайти
691,691,82679,2020-07-03 19:24:36+00:00,138918380,511986933,,радість давати поговорити
692,692,82678,2020-07-03 19:24:18+00:00,138918380,511986933,,привіт
693,693,82675,2020-07-03 19:02:47+00:00,511986933,138918380,,можливо зацікавити
694,694,82674,2020-07-03 19:02:40+00:00,511986933,138918380,,хотіти завтра дещо розповісти
695,695,82673,2020-07-03 19:02:20+00:00,511986933,138918380,,почати читати скинути фаренюк
696,696,82672,2020-07-03 19:02:00+00:00,511986933,138918380,,найоптимальніше
697,697,82671,2020-07-03 19:01:53+00:00,511986933,138918380,,річ дцже хотіти запитати давай може разом проект пок робити якщо третій знайти
698,698,82670,2020-07-03 19:01:02+00:00,511986933,138918380,,привіт діма завтра поговорити
699,699,81300,2020-06-30 08:27:35+00:00,138918380,511986933,,
700,700,81299,2020-06-30 08:27:32+00:00,138918380,511986933,,найкраще
701,701,81298,2020-06-30 08:27:26+00:00,138918380,511986933,,літрий школа
702,702,81297,2020-06-30 08:27:22+00:00,138918380,511986933,,врахувати побажання
703,703,81295,2020-06-30 08:27:18+00:00,511986933,138918380,,написати
704,704,81294,2020-06-30 08:27:16+00:00,138918380,511986933,,порадитися
705,705,81293,2020-06-30 08:27:09+00:00,138918380,511986933,,треба написати чому робити
706,706,81292,2020-06-30 08:27:08+00:00,511986933,138918380,,тупонув.н голосування зробити
707,707,81291,2020-06-30 08:26:53+00:00,138918380,511986933,,
708,708,81290,2020-06-30 08:26:52+00:00,138918380,511986933,,бачити
709,709,81289,2020-06-30 08:26:51+00:00,138918380,511986933,,привіт
710,710,81288,2020-06-30 08:26:46+00:00,511986933,138918380,,писати
711,711,81287,2020-06-30 08:26:36+00:00,511986933,138918380,,привіт діма змінювати четвра
712,712,80814,2020-06-28 12:05:07+00:00,138918380,511986933,,дякувати
713,713,80508,2020-06-28 10:32:13+00:00,511986933,138918380,,може пригодитися
714,714,80507,2020-06-28 10:32:07+00:00,511986933,138918380,,вови фединяк порекомендувати
715,715,80506,2020-06-28 10:31:53+00:00,138918380,511986933,,розбиратися
716,716,80505,2020-06-28 10:31:53+00:00,511986933,138918380,"MessageFwdHeader(date=datetime.datetime(2020, 6, 1, 23, 10, tzinfo=datetime.timezone.utc), from_id=404305043, from_name=None, channel_id=None, channel_post=None, post_author=None, saved_from_peer=None, saved_from_msg_id=None, psa_type=None)",
717,717,80504,2020-06-28 10:31:53+00:00,511986933,138918380,"MessageFwdHeader(date=datetime.datetime(2020, 6, 22, 18, 40, 32, tzinfo=datetime.timezone.utc), from_id=404305043, from_name=None, channel_id=None, channel_post=None, post_author=None, saved_from_peer=None, saved_from_msg_id=None, psa_type=None)",книжка
718,718,80503,2020-06-28 10:31:53+00:00,511986933,138918380,"MessageFwdHeader(date=datetime.datetime(2020, 6, 22, 18, 40, 28, tzinfo=datetime.timezone.utc), from_id=404305043, from_name=None, channel_id=None, channel_post=None, post_author=None, saved_from_peer=None, saved_from_msg_id=None, psa_type=None)",спеціалізація applied data science python курс корисний курс linear algebra machine learning hse зараз проходжа deep learning specialization deeplearning andrew курс чистий andrew починати казати дуже класний глибокий
719,719,80502,2020-06-28 10:31:48+00:00,138918380,511986933,,тицяти кнопочка
720,720,80501,2020-06-28 10:31:42+00:00,138918380,511986933,,взагалі ніде
721,721,80500,2020-06-28 10:31:39+00:00,138918380,511986933,,привіт
722,722,80499,2020-06-28 10:31:16+00:00,511986933,138918380,,курс якийсь
723,723,80498,2020-06-28 10:31:12+00:00,511986933,138918380,,привіт діма wordpress вчитися сайт робити
724,724,80378,2020-06-27 20:23:17+00:00,138918380,511986933,,оце сайт
725,725,80377,2020-06-27 20:23:14+00:00,138918380,511986933,,designrevision com
726,726,80375,2020-06-27 20:23:07+00:00,138918380,511986933,,оце юзати логіна
727,727,80374,2020-06-27 20:22:59+00:00,138918380,511986933,,colorlib com
728,728,80373,2020-06-27 20:18:26+00:00,138918380,511986933,,дякувати скинути
729,729,80367,2020-06-27 20:06:51+00:00,511986933,138918380,,зараз апка назаро писати він підучувати
730,730,80366,2020-06-27 20:06:24+00:00,511986933,138918380,,перший проходиш
731,731,80365,2020-06-27 20:06:09+00:00,511986933,138918380,,можливо якщо цікаво колись крутий курс реакт
732,732,80364,2020-06-27 20:05:49+00:00,511986933,138918380,"MessageFwdHeader(date=datetime.datetime(2020, 6, 26, 9, 41, 53, tzinfo=datetime.timezone.utc), from_id=511986933, from_name=None, channel_id=None, channel_post=None, post_author=None, saved_from_peer=None, saved_from_msg_id=None, psa_type=None)",courses edx org
733,733,80363,2020-06-27 20:05:49+00:00,511986933,138918380,"MessageFwdHeader(date=datetime.datetime(2020, 6, 26, 21, 17, 24, tzinfo=datetime.timezone.utc), from_id=511986933, from_name=None, channel_id=None, channel_post=None, post_author=None, saved_from_peer=None, saved_from_msg_id=None, psa_type=None)",youtube com
734,734,80362,2020-06-27 20:05:30+00:00,511986933,138918380,,дуже
735,735,80361,2020-06-27 20:05:24+00:00,511986933,138918380,,могти ласок скинути сайт шаблон сайт курсовий брава
736,736,80350,2020-06-27 18:12:15+00:00,138918380,511986933,,дуже класно під кінець
737,737,80349,2020-06-27 18:12:09+00:00,138918380,511986933,,сподобатися
738,738,80348,2020-06-27 18:11:59+00:00,511986933,138918380,,цікаво
739,739,80347,2020-06-27 18:11:54+00:00,511986933,138918380,,дуже дякувати
740,740,80346,2020-06-27 18:11:42+00:00,138918380,511986933,,youtube com
741,741,80345,2020-06-27 18:11:35+00:00,138918380,511986933,,могти глянути
742,742,80344,2020-06-27 18:11:29+00:00,138918380,511986933,,ютуба трансляція
743,743,80343,2020-06-27 18:11:20+00:00,138918380,511986933,,
744,744,80342,2020-06-27 18:11:19+00:00,138918380,511986933,,привіт
745,745,80341,2020-06-27 18:11:14+00:00,511986933,138918380,,доєднатися
746,746,80340,2020-06-27 18:11:08+00:00,511986933,138918380,,закінчитися
747,747,80339,2020-06-27 18:10:59+00:00,511986933,138918380,,привіт діма випускний онлайн
748,748,79809,2020-06-26 07:39:14+00:00,511986933,138918380,,тренувати порада давати
749,749,79808,2020-06-26 07:39:03+00:00,511986933,138918380,,старатися
750,750,79807,2020-06-26 07:38:55+00:00,138918380,511986933,,круто
751,751,79806,2020-06-26 07:38:32+00:00,138918380,511986933,,класно
752,752,79805,2020-06-26 07:38:18+00:00,511986933,138918380,,тепер ментор дати осені працювати
753,753,79804,2020-06-26 07:38:05+00:00,511986933,138918380,,вчора назар річ виграти відбір конкурс стартап
754,754,79803,2020-06-26 07:37:44+00:00,511986933,138918380,,серйозний курсовий
755,755,79802,2020-06-26 07:37:25+00:00,511986933,138918380,,проект приуспіти
756,756,79801,2020-06-26 07:33:16+00:00,138918380,511986933,,знати
757,757,79800,2020-06-26 07:33:10+00:00,138918380,511986933,,таки перше
758,758,79799,2020-06-26 06:32:36+00:00,138918380,511986933,,який місце
759,759,79798,2020-06-26 06:32:23+00:00,138918380,511986933,,дуже цікаво
760,760,79797,2020-06-26 06:32:10+00:00,138918380,511986933,,щойно написати
761,761,79796,2020-06-26 06:32:02+00:00,138918380,511986933,,
762,762,79792,2020-06-26 06:09:13+00:00,511986933,138918380,,наді питати
763,763,79791,2020-06-26 06:09:04+00:00,511986933,138918380,,сказати
764,764,79789,2020-06-25 21:42:59+00:00,138918380,511986933,,питати
765,765,79788,2020-06-25 21:42:49+00:00,138918380,511986933,,гуглити треба пошук
766,766,79771,2020-06-25 20:30:06+00:00,511986933,138918380,,перше
767,767,79770,2020-06-25 20:30:02+00:00,511986933,138918380,,запитувати наді який місце рейтинг
768,768,79710,2020-06-25 13:27:34+00:00,511986933,138918380,,приватний codepen заходити гугливов
769,769,79709,2020-06-25 13:26:35+00:00,511986933,138918380,,дуже дякувати любити відео туторіали
770,770,79708,2020-06-25 13:06:40+00:00,138918380,511986933,,вивчати фронт енд. пайтони офлайн курс основний знання отримати викладач додатковий ресурс використовувати активно w3schools learn javascript фішок черпав css tricks приватних codepen fiddle кодити якийсь фішка колонка html css розібратися працювати хніи код чути канал хауда дивитися дуже заходити ютуб туторіал швидше особистий мати знаи омих вчити фронтенд відео
771,771,79707,2020-06-25 13:05:25+00:00,138918380,511986933,,привіт
772,772,79706,2020-06-25 12:29:29+00:00,511986933,138918380,,хотіти навчитися робити сайт бекендь використовувати пітон
773,773,79701,2020-06-25 12:18:24+00:00,511986933,138918380,,могти порекомендувати якийсь курс туторіал який вчитися сайт робити
774,774,79700,2020-06-25 12:18:01+00:00,511986933,138918380,,привіт діма
775,775,78515,2020-06-23 19:05:15+00:00,138918380,511986933,,цікаво
776,776,78514,2020-06-23 19:05:09+00:00,138918380,511986933,,може
777,777,78513,2020-06-23 19:05:05+00:00,138918380,511986933,,хмм
778,778,78383,2020-06-23 16:37:52+00:00,511986933,138918380,,час курс викласти думати час ближче запитати кіось старшокурсник
779,779,78382,2020-06-23 16:37:09+00:00,511986933,138918380,,інф ніякий сторінка знайти
780,780,78381,2020-06-23 16:37:01+00:00,511986933,138918380,,
781,781,78380,2020-06-23 16:36:57+00:00,511986933,138918380,,проте липень чекати знати дивитися
782,782,78379,2020-06-23 16:14:36+00:00,138918380,511986933,,вдячний якщо щось порадиш
783,783,78378,2020-06-23 16:14:30+00:00,138918380,511986933,,результат забути
784,784,78377,2020-06-23 16:14:27+00:00,138918380,511986933,,хотіти теье розпитати
785,785,78376,2020-06-23 16:14:21+00:00,138918380,511986933,,нєа
786,786,78375,2020-06-23 16:14:15+00:00,511986933,138918380,,курс вде вибрати датасаєнис школа
787,787,78374,2020-06-23 16:14:02+00:00,511986933,138918380,,дякувати
788,788,78275,2020-06-23 14:42:17+00:00,138918380,511986933,,надіти такий лист узгодити
789,789,78274,2020-06-23 14:42:04+00:00,138918380,511986933,,відповідати український
790,790,78273,2020-06-23 14:42:00+00:00,138918380,511986933,,києв
791,791,78272,2020-06-23 14:41:48+00:00,138918380,511986933,,вітати звати дмитро лопушанський студент компа ютерний наука ук хотіти податися інтернатура компанія huawei пара слово резюме
792,792,78271,2020-06-23 14:41:15+00:00,138918380,511986933,,ushakov mykola huawei com
793,793,78239,2020-06-23 14:31:44+00:00,511986933,138918380,,могти скинути стажування
794,794,78238,2020-06-23 14:20:10+00:00,511986933,138918380,"MessageFwdHeader(date=datetime.datetime(2020, 6, 13, 13, 20, 23, tzinfo=datetime.timezone.utc), from_id=511986933, from_name=None, channel_id=None, channel_post=None, post_author=None, saved_from_peer=None, saved_from_msg_id=None, psa_type=None)",coursesity com
795,795,78237,2020-06-23 14:13:15+00:00,511986933,138918380,"MessageFwdHeader(date=datetime.datetime(2020, 6, 21, 16, 13, 4, tzinfo=datetime.timezone.utc), from_id=412508689, from_name=None, channel_id=None, channel_post=None, post_author=None, saved_from_peer=None, saved_from_msg_id=None, psa_type=None)",
796,796,78236,2020-06-23 14:13:15+00:00,511986933,138918380,"MessageFwdHeader(date=datetime.datetime(2020, 6, 21, 16, 10, 47, tzinfo=datetime.timezone.utc), from_id=412508689, from_name=None, channel_id=None, channel_post=None, post_author=None, saved_from_peer=None, saved_from_msg_id=None, psa_type=None)",
797,797,78235,2020-06-23 14:13:15+00:00,511986933,138918380,"MessageFwdHeader(date=datetime.datetime(2020, 6, 21, 10, 54, 35, tzinfo=datetime.timezone.utc), from_id=511986933, from_name=None, channel_id=None, channel_post=None, post_author=None, saved_from_peer=None, saved_from_msg_id=None, psa_type=None)",курс мати найважче чому чого посовітувуви приділяти найбільше увага скажешнн акм пок порадиш готуватися проходити лекція семінара виглядати іспит посовітева готуватися порекомендувуви вивчати курс алгорит теорія ймоірність знати складний курс можливо змогти зрозуміти періодично готуватися новий технологія вивчити курс загалом тип react чому курсовий проект топіка мати робити кожний дуже цікаво почути пункт могти дати порада після сесія втратива бати іспит чому якби мати змога написати починати готуватися день кожний іспит втратив бати кожний курс порада могти дати щоь втрачати бати втративо найчастіший помилка однокурсникіаюий курс влітку порекомендувати пройти підготовка курс пік веб java курс проходити корисний збиратися вивчати робити літо
798,798,78232,2020-06-23 13:59:24+00:00,511986933,138918380,,
799,799,78231,2020-06-23 13:59:20+00:00,511986933,138918380,,
800,800,78230,2020-06-23 13:59:15+00:00,138918380,511986933,,могти зараз
801,801,78229,2020-06-23 13:59:09+00:00,138918380,511986933,,давати месенджер
802,802,78228,2020-06-23 13:59:03+00:00,138918380,511986933,,
803,803,78227,2020-06-23 13:59:01+00:00,511986933,138918380,,vodafone
804,804,78226,2020-06-23 13:58:49+00:00,511986933,138918380,,
805,805,78225,2020-06-23 13:58:05+00:00,138918380,511986933,,київстар
806,806,78224,2020-06-23 13:57:26+00:00,511986933,138918380,,давати месенджеря фейсбука зателефонувати язок кращий телеграма
807,807,78154,2020-06-23 08:17:14+00:00,138918380,511986933,,добре встигнути їхати пізно вночі
808,808,78153,2020-06-23 08:17:04+00:00,138918380,511986933,,якраз класно пізно
809,809,78152,2020-06-23 08:16:48+00:00,138918380,511986933,,давати ятий
810,810,78151,2020-06-23 08:16:44+00:00,511986933,138918380,,вчора вночі приїхати
811,811,78150,2020-06-23 08:16:25+00:00,511986933,138918380,,вийти десь річ почати розбирати критично важливо
812,812,78149,2020-06-23 08:15:10+00:00,511986933,138918380,,привіт могти зізвонотися
813,813,78130,2020-06-22 21:40:15+00:00,138918380,511986933,,зараз рука дійти
814,814,78129,2020-06-22 21:40:07+00:00,138918380,511986933,,цікаво курс школа дата сайнс вибрати
815,815,78128,2020-06-22 21:39:42+00:00,138918380,511986933,,здати норм пройти
816,816,78127,2020-06-22 21:39:31+00:00,138918380,511986933,,давати завтра зідзвонитися
817,817,78126,2020-06-22 21:39:25+00:00,138918380,511986933,,декілька пропозиція
818,818,78125,2020-06-22 21:39:18+00:00,138918380,511986933,,денис мати розказати
819,819,78124,2020-06-22 21:39:04+00:00,138918380,511986933,,привіт
820,820,78048,2020-06-21 20:12:26+00:00,138918380,511986933,,
821,821,78047,2020-06-21 20:12:26+00:00,138918380,511986933,,домовитися
822,822,78046,2020-06-21 20:06:14+00:00,511986933,138918380,,добре
823,823,78045,2020-06-21 20:06:11+00:00,511986933,138918380,,курс командно працювати
824,824,78044,2020-06-21 20:05:57+00:00,511986933,138918380,,надсилати якщо щось побачити одразу яещо могти ласок скидай якщо щось побачити одразу
825,825,78043,2020-06-21 20:05:22+00:00,511986933,138918380,,курс
826,826,78042,2020-06-21 20:05:15+00:00,511986933,138918380,,знати добре стежити наш канала пропускати можлиаість
827,827,78022,2020-06-21 16:08:49+00:00,511986933,138918380,,
828,828,78020,2020-06-21 15:53:24+00:00,511986933,138918380,"MessageFwdHeader(date=datetime.datetime(2020, 6, 20, 19, 47, 19, tzinfo=datetime.timezone.utc), from_id=None, from_name='Khrystyna Kubatska', channel_id=None, channel_post=None, post_author=None, saved_from_peer=None, saved_from_msg_id=None, psa_type=None)",курс теорія ймовірність courses edx org алгоритми edx prometheus org рекомендувати пройти якийсь курс джава
829,829,78019,2020-06-21 15:53:05+00:00,511986933,138918380,"MessageFwdHeader(date=datetime.datetime(2020, 6, 21, 15, 52, 25, tzinfo=datetime.timezone.utc), from_id=470409323, from_name=None, channel_id=None, channel_post=None, post_author=None, saved_from_peer=None, saved_from_msg_id=None, psa_type=None)",screenshot 52pm jun
830,830,78011,2020-06-21 12:26:40+00:00,138918380,511986933,,набір зможешнн
831,831,78009,2020-06-21 12:05:26+00:00,511986933,138918380,,встигнути арсена
832,832,77873,2020-06-20 21:36:54+00:00,138918380,511986933,,цікаво розпитати ваш проект
833,833,77872,2020-06-20 21:36:35+00:00,138918380,511986933,,обговорити зустріч
834,834,77871,2020-06-20 21:36:27+00:00,138918380,511986933,,
835,835,77870,2020-06-20 21:36:14+00:00,138918380,511986933,,завтра написати він
836,836,77869,2020-06-20 21:36:07+00:00,138918380,511986933,,ахахаха
837,837,77868,2020-06-20 21:34:50+00:00,138918380,511986933,,обовязково пити
838,838,77867,2020-06-20 21:34:39+00:00,138918380,511986933,,змінити брендований одяг
839,839,77866,2020-06-20 21:34:30+00:00,138918380,511986933,,якщо маш ідея
840,840,77865,2020-06-20 21:34:25+00:00,138918380,511986933,,річ
841,841,77864,2020-06-20 21:34:23+00:00,138918380,511986933,,немати думати щось організувати
842,842,77863,2020-06-20 21:34:09+00:00,138918380,511986933,,звучати цікаво подумати дякувати дуже скинути
843,843,77862,2020-06-20 21:33:35+00:00,138918380,511986933,,
844,844,77861,2020-06-20 21:33:13+00:00,138918380,511986933,,сора відписувати
845,845,77860,2020-06-20 21:07:56+00:00,511986933,138918380,,
846,846,77802,2020-06-20 18:00:30+00:00,511986933,138918380,,дуже вдячний
847,847,77801,2020-06-20 18:00:23+00:00,511986933,138918380,,якийсь порада зауважено
848,848,77800,2020-06-20 18:00:18+00:00,511986933,138918380,,день ніч склепати
849,849,77799,2020-06-20 17:59:57+00:00,511986933,138918380,,річ сайт
850,850,77769,2020-06-20 16:06:33+00:00,511986933,138918380,,може
851,851,77768,2020-06-20 16:06:26+00:00,511986933,138918380,,річ знати якийсь новий одяг наш універ факультет
852,852,77728,2020-06-20 15:52:14+00:00,511986933,138918380,"MessageFwdHeader(date=datetime.datetime(2020, 6, 20, 7, 45, 16, tzinfo=datetime.timezone.utc), from_id=737981155, from_name=None, channel_id=None, channel_post=None, post_author=None, saved_from_peer=None, saved_from_msg_id=None, psa_type=None)",привіт пропозиція віддалений робота написання текст німецький оплат євро слово точно чесно пропонувати вчителька німецький школа працювати той компанія
853,853,77447,2020-06-20 11:41:33+00:00,511986933,138918380,,
854,854,77446,2020-06-20 11:41:27+00:00,138918380,511986933,,постаратися встигнути
855,855,77445,2020-06-20 11:41:20+00:00,138918380,511986933,,якщо встигна зідзвонитися підійда
856,856,77444,2020-06-20 11:41:04+00:00,138918380,511986933,,домовитися
857,857,77443,2020-06-20 11:40:12+00:00,138918380,511986933,,звісно
858,858,77442,2020-06-20 11:34:54+00:00,511986933,138918380,,веселіше
859,859,77441,2020-06-20 11:34:49+00:00,511986933,138918380,,хлопець команда покликати
860,860,77440,2020-06-20 11:34:28+00:00,511986933,138918380,,добре
861,861,77439,2020-06-20 11:34:23+00:00,511986933,138918380,"MessageFwdHeader(date=datetime.datetime(2020, 6, 20, 11, 25, 17, tzinfo=datetime.timezone.utc), from_id=511986933, from_name=None, channel_id=None, channel_post=None, post_author=None, saved_from_peer=None, saved_from_msg_id=None, psa_type=None)",arsen площа міцкевич льв львівський область maps app goo
862,862,77438,2020-06-20 11:34:18+00:00,511986933,138918380,,давати завтра зустрінится біля
863,863,77398,2020-06-20 10:43:05+00:00,511986933,138918380,,
864,864,77397,2020-06-20 10:42:47+00:00,138918380,511986933,,каміна знати
865,865,77396,2020-06-20 10:42:45+00:00,511986933,138918380,,людина
866,866,77395,2020-06-20 10:42:34+00:00,511986933,138918380,,знати ніякий антикафий норм центр
867,867,77394,2020-06-20 10:42:16+00:00,511986933,138918380,,місце
868,868,77393,2020-06-20 10:42:09+00:00,511986933,138918380,,знати камін працювати
869,869,77392,2020-06-20 10:42:01+00:00,511986933,138918380,,антикафи ніякий працювати
870,870,77391,2020-06-20 10:36:26+00:00,138918380,511986933,,отаке написати
871,871,77390,2020-06-20 10:36:15+00:00,138918380,511986933,,відкрито людина столик тобто треба шукати столик
872,872,77389,2020-06-20 10:36:05+00:00,138918380,511986933,,відкрити столик надворі параджанов кава вино дуже гарний локація такий дворик дуже атмосферно дзиґа чілінтано площа важко сісти друга дуже класно переважно цукор шапка
873,873,77376,2020-06-20 09:39:00+00:00,511986933,138918380,,добре
874,874,77375,2020-06-20 09:35:41+00:00,138918380,511986933,,відпизати
875,875,77374,2020-06-20 09:35:38+00:00,138918380,511986933,,може вонии підказати
876,876,77373,2020-06-20 09:35:30+00:00,138918380,511986933,,зараз спитати
877,877,77372,2020-06-20 09:35:21+00:00,511986933,138918380,,точно знати
878,878,77371,2020-06-20 09:35:13+00:00,511986933,138918380,,зателефонувати
879,879,77370,2020-06-20 09:35:08+00:00,511986933,138918380,,знати час місце якийсь
880,880,77369,2020-06-20 09:34:54+00:00,138918380,511986933,,аха
881,881,77368,2020-06-20 09:34:50+00:00,138918380,511986933,,треба дізнаватися окремо
882,882,77367,2020-06-20 09:34:44+00:00,138918380,511986933,,всередина вроді пускати
883,883,77366,2020-06-20 09:34:35+00:00,138918380,511986933,,всі мати
884,884,77365,2020-06-20 09:34:30+00:00,138918380,511986933,,треба літній тераса
885,885,77364,2020-06-20 09:34:24+00:00,511986933,138918380,,дуже цінити
886,886,77363,2020-06-20 09:34:17+00:00,138918380,511986933,,зараз дуже помінятися
887,887,77362,2020-06-20 09:34:07+00:00,511986933,138918380,,добре
888,888,77361,2020-06-20 09:33:50+00:00,138918380,511986933,,думати десь годинок
889,889,77360,2020-06-20 09:33:37+00:00,511986933,138918380,,думати десь після
890,890,77359,2020-06-20 09:33:21+00:00,511986933,138918380,,довго могти зустрітися
891,891,77338,2020-06-20 09:17:23+00:00,511986933,138918380,,погода може дуже добрий
892,892,77337,2020-06-20 09:17:11+00:00,511986933,138918380,,тип антикафе
893,893,77336,2020-06-20 09:17:08+00:00,511986933,138918380,,часом знати хороший місце біля центр
894,894,77307,2020-06-20 08:48:30+00:00,138918380,511986933,,десь центр
895,895,77306,2020-06-20 08:48:22+00:00,138918380,511986933,,хотіти зустрітися
896,896,77303,2020-06-20 08:47:53+00:00,138918380,511986933,,змогти
897,897,77302,2020-06-20 08:47:49+00:00,138918380,511986933,,привіт
898,898,77301,2020-06-20 08:47:40+00:00,511986933,138918380,,вирішити завтра
899,899,77300,2020-06-20 08:47:31+00:00,511986933,138918380,,привіт діма
900,900,76953,2020-06-19 17:22:42+00:00,138918380,511986933,,окойа глян розкажи щось
901,901,76916,2020-06-19 15:48:11+00:00,511986933,138918380,,цікаво почути відгук порада
902,902,76915,2020-06-19 15:47:55+00:00,511986933,138918380,,могти річ чекнути сервіс
903,903,76914,2020-06-19 15:47:45+00:00,511986933,138918380,,course planner azurewebsites net
904,904,76797,2020-06-19 09:32:20+00:00,138918380,511986933,,зрештою можи привітати проблема
905,905,76792,2020-06-19 09:31:40+00:00,138918380,511986933,,знати зараз виясняти
906,906,76784,2020-06-19 09:31:16+00:00,511986933,138918380,,може зустрінится
907,907,76782,2020-06-19 09:31:09+00:00,511986933,138918380,,друг справляти
908,908,76772,2020-06-19 09:29:54+00:00,138918380,511986933,,добре узгодити написати
909,909,76767,2020-06-19 09:29:45+00:00,138918380,511986933,,зрозуміти
910,910,76765,2020-06-19 09:29:43+00:00,138918380,511986933,,ага
911,911,76764,2020-06-19 09:29:32+00:00,511986933,138918380,,виселятися колегіум додому
912,912,76759,2020-06-19 09:29:00+00:00,138918380,511986933,,зранку виїжджати
913,913,76758,2020-06-19 09:28:55+00:00,511986933,138918380,,звісно
914,914,76757,2020-06-19 09:28:51+00:00,511986933,138918380,,
915,915,76753,2020-06-19 09:28:44+00:00,138918380,511986933,,ніде ночувати неділя
916,916,76748,2020-06-19 09:28:29+00:00,511986933,138918380,,річ колегіум забрати
917,917,76746,2020-06-19 09:28:12+00:00,511986933,138918380,,сімейний тріп
918,918,76745,2020-06-19 09:28:08+00:00,511986933,138918380,,батько підвегти
919,919,76742,2020-06-19 09:27:48+00:00,138918380,511986933,,зараз транспорт міжміський їздіти
920,920,76741,2020-06-19 09:27:33+00:00,138918380,511986933,,їхати львова
921,921,76740,2020-06-19 09:27:25+00:00,138918380,511986933,,розкати
922,922,76739,2020-06-19 09:27:11+00:00,138918380,511986933,,думати зараз щось підлаштувати
923,923,76738,2020-06-19 09:26:56+00:00,138918380,511986933,,година казати
924,924,76737,2020-06-19 09:26:33+00:00,138918380,511986933,,могти зустрітися невідомо побачитися наступний раз
925,925,76736,2020-06-19 09:26:26+00:00,511986933,138918380,,котрий зустріч друг
926,926,76735,2020-06-19 09:26:02+00:00,138918380,511986933,,встигна обидві справа
927,927,76734,2020-06-19 09:25:52+00:00,138918380,511986933,,
928,928,76733,2020-06-19 09:25:50+00:00,138918380,511986933,,
929,929,76732,2020-06-19 09:25:47+00:00,511986933,138918380,,розуміти
930,930,76731,2020-06-19 09:25:45+00:00,511986933,138918380,,могти йти друга
931,931,76730,2020-06-19 09:25:29+00:00,511986933,138918380,,
932,932,76729,2020-06-19 09:25:26+00:00,511986933,138918380,,додому їхатий
933,933,76728,2020-06-19 09:25:23+00:00,511986933,138918380,,
934,934,76727,2020-06-19 09:25:15+00:00,138918380,511986933,,понеділок
935,935,76726,2020-06-19 09:25:03+00:00,511986933,138918380,,їхати льв
936,936,76724,2020-06-19 09:24:49+00:00,138918380,511986933,,виселятися колегіум
937,937,76723,2020-06-19 09:24:35+00:00,511986933,138918380,,десь після
938,938,76720,2020-06-19 09:23:42+00:00,138918380,511986933,,хотіти встигнути обидві зустріча треба скласти якось графік
939,939,76719,2020-06-19 09:23:15+00:00,138918380,511986933,,хотіти зустрітися
940,940,76718,2020-06-19 09:23:08+00:00,138918380,511986933,,другий народження неділя запрошувати відсвяткувати
941,941,76717,2020-06-19 09:22:47+00:00,138918380,511986933,,сказати неділя матити зустріч
942,942,76716,2020-06-19 09:22:01+00:00,138918380,511986933,,привіт
943,943,76715,2020-06-19 09:21:42+00:00,511986933,138918380,,
944,944,76623,2020-06-19 08:22:29+00:00,511986933,138918380,,дуже чекати
945,945,76622,2020-06-19 08:22:20+00:00,511986933,138918380,,парня наш команда конкурс
946,946,76621,2020-06-19 08:21:59+00:00,511986933,138918380,,привіт діма вийти неділя увечері зустрітися
947,947,74102,2020-06-14 09:14:19+00:00,138918380,511986933,,давніше
948,948,74101,2020-06-14 09:14:06+00:00,138918380,511986933,,template сайт html css
949,949,74100,2020-06-14 09:13:46+00:00,138918380,511986933,,envato market
950,950,74073,2020-06-14 07:44:35+00:00,511986933,138918380,,скачувати
951,951,74072,2020-06-14 07:44:26+00:00,511986933,138918380,,файл макето
952,952,74050,2020-06-13 20:52:05+00:00,138918380,511986933,,взагалі прикольний штука
953,953,74049,2020-06-13 20:51:56+00:00,138918380,511986933,,таки купити
954,954,74048,2020-06-13 20:51:54+00:00,138918380,511986933,,подумати нечесно
955,955,74047,2020-06-13 20:51:46+00:00,138918380,511986933,,який бакс продаватися
956,956,74046,2020-06-13 20:51:39+00:00,138918380,511986933,,колись скачати файл макет
957,957,74045,2020-06-13 20:51:26+00:00,138918380,511986933,,знати
958,958,74044,2020-06-13 20:51:23+00:00,138918380,511986933,,
959,959,74043,2020-06-13 20:51:22+00:00,138918380,511986933,,привіт
960,960,74042,2020-06-13 20:36:28+00:00,511986933,138918380,,фреймворок
961,961,74041,2020-06-13 20:36:21+00:00,511986933,138918380,,жалко css html копіювати
962,962,74040,2020-06-13 20:36:05+00:00,511986933,138918380,,реально прикольно свій працювти
963,963,74039,2020-06-13 20:35:45+00:00,511986933,138918380,,youtube com
964,964,74038,2020-06-13 20:35:44+00:00,511986933,138918380,,злизувати сайт
965,965,74037,2020-06-13 20:35:39+00:00,511986933,138918380,,привіт діма класний скіл навчитися
966,966,73828,2020-06-12 12:47:45+00:00,138918380,511986933,,може вийти швидше
967,967,73827,2020-06-12 12:47:40+00:00,138918380,511986933,,вибрати курсер
968,968,73826,2020-06-12 12:47:36+00:00,138918380,511986933,,курсер треба подібне проходити
969,969,73825,2020-06-12 12:47:02+00:00,138918380,511986933,,
970,970,73824,2020-06-12 12:46:59+00:00,138918380,511986933,,оце poetry tutoring theology
971,971,73823,2020-06-12 12:46:33+00:00,138918380,511986933,,хотіти професійніший знання сконцентруватися
972,972,73822,2020-06-12 12:46:20+00:00,138918380,511986933,,відчувати зараз дуже неактуально нецікаво
973,973,73821,2020-06-12 12:45:56+00:00,138918380,511986933,,тричі тиждень цілий навчальний
974,974,73820,2020-06-12 12:45:43+00:00,138918380,511986933,,цілий метья подібня розбирати
975,975,73819,2020-06-12 12:45:27+00:00,138918380,511986933,,щось зацікавлювати
976,976,73818,2020-06-12 12:45:13+00:00,138918380,511986933,,привіт
977,977,73689,2020-06-12 09:00:01+00:00,511986933,138918380,,можливість кожний вечір говорити американець кінець поговорити американський студент
978,978,73688,2020-06-12 08:59:26+00:00,511986933,138918380,,влітку чиось занятися
979,979,73687,2020-06-12 08:59:13+00:00,511986933,138918380,,набагато який курс курсеря
980,980,73686,2020-06-12 08:59:01+00:00,511986933,138918380,,крутий можливість розвага
981,981,73685,2020-06-12 08:58:44+00:00,511986933,138918380,,дуже рекомендувати брати участь
982,982,73684,2020-06-12 08:58:32+00:00,511986933,138918380,,зустріч англ школа
983,983,73683,2020-06-12 08:58:21+00:00,511986933,138918380,,привіт діма
984,984,73682,2020-06-12 08:58:14+00:00,511986933,138918380,,
985,985,73681,2020-06-12 08:58:14+00:00,511986933,138918380,,
986,986,73680,2020-06-12 08:58:14+00:00,511986933,138918380,,
987,987,73679,2020-06-12 08:58:14+00:00,511986933,138918380,,
988,988,73678,2020-06-12 08:58:14+00:00,511986933,138918380,,
989,989,73521,2020-06-10 18:25:13+00:00,138918380,511986933,,
990,990,73513,2020-06-10 18:06:41+00:00,511986933,138918380,,
991,991,73512,2020-06-10 18:06:40+00:00,511986933,138918380,,часом знати бал комп ютерний проект
992,992,73386,2020-06-10 08:55:49+00:00,138918380,511986933,,бати ставити разом іспит
993,993,73385,2020-06-10 08:55:15+00:00,511986933,138918380,,
994,994,73384,2020-06-10 08:44:16+00:00,138918380,511986933,,поставити
995,995,73383,2020-06-10 08:42:40+00:00,138918380,511986933,,рахувати
996,996,73382,2020-06-10 08:42:39+00:00,138918380,511986933,,
997,997,73381,2020-06-10 08:42:31+00:00,138918380,511986933,,
998,998,73380,2020-06-10 08:42:26+00:00,138918380,511986933,,аха
999,999,73379,2020-06-10 08:42:16+00:00,511986933,138918380,,максимум
